-- MySQL dump 10.13  Distrib 8.0.29, for Win64 (x86_64)
--
-- Host: localhost    Database: grupo13
-- ------------------------------------------------------
-- Server version	8.0.29

/*!40101 SET @OLD_CHARACTER_SET_CLIENT=@@CHARACTER_SET_CLIENT */;
/*!40101 SET @OLD_CHARACTER_SET_RESULTS=@@CHARACTER_SET_RESULTS */;
/*!40101 SET @OLD_COLLATION_CONNECTION=@@COLLATION_CONNECTION */;
/*!50503 SET NAMES utf8 */;
/*!40103 SET @OLD_TIME_ZONE=@@TIME_ZONE */;
/*!40103 SET TIME_ZONE='+00:00' */;
/*!40014 SET @OLD_UNIQUE_CHECKS=@@UNIQUE_CHECKS, UNIQUE_CHECKS=0 */;
/*!40014 SET @OLD_FOREIGN_KEY_CHECKS=@@FOREIGN_KEY_CHECKS, FOREIGN_KEY_CHECKS=0 */;
/*!40101 SET @OLD_SQL_MODE=@@SQL_MODE, SQL_MODE='NO_AUTO_VALUE_ON_ZERO' */;
/*!40111 SET @OLD_SQL_NOTES=@@SQL_NOTES, SQL_NOTES=0 */;

--
-- Table structure for table `centre`
--

DROP TABLE IF EXISTS `centre`;
/*!40101 SET @saved_cs_client     = @@character_set_client */;
/*!50503 SET character_set_client = utf8mb4 */;
CREATE TABLE `centre` (
  `id` int NOT NULL AUTO_INCREMENT,
  `name` varchar(255) DEFAULT NULL,
  PRIMARY KEY (`id`)
) ENGINE=InnoDB AUTO_INCREMENT=14 DEFAULT CHARSET=utf8mb4 COLLATE=utf8mb4_0900_ai_ci;
/*!40101 SET character_set_client = @saved_cs_client */;

--
-- Dumping data for table `centre`
--

LOCK TABLES `centre` WRITE;
/*!40000 ALTER TABLE `centre` DISABLE KEYS */;
INSERT INTO `centre` VALUES (1,'SUTEBA'),(2,'Hospital de Romero'),(3,'Polideportivo de Los Hornos'),(4,'Pabellón universitario del Hospital San Martín'),(5,'SADOP'),(6,'PAMI'),(7,'Hospital Elina de la Serna'),(8,'ATE'),(9,'Abasto'),(10,'Hospital San Juan de Dios'),(11,'Comedor'),(12,'Hipódromo'),(13,'Estadio único');
/*!40000 ALTER TABLE `centre` ENABLE KEYS */;
UNLOCK TABLES;

--
-- Table structure for table `patient`
--

DROP TABLE IF EXISTS `patient`;
/*!40101 SET @saved_cs_client     = @@character_set_client */;
/*!50503 SET character_set_client = utf8mb4 */;
CREATE TABLE `patient` (
  `id` int NOT NULL AUTO_INCREMENT,
  `dayOfBirth` datetime NOT NULL,
  `email` varchar(255) NOT NULL,
  `fullname` varchar(255) NOT NULL,
  `password` varchar(255) NOT NULL,
  PRIMARY KEY (`id`),
  UNIQUE KEY `UK_bawli8xm92f30ei6x9p3h8eju` (`email`)
) ENGINE=InnoDB AUTO_INCREMENT=323 DEFAULT CHARSET=utf8mb4 COLLATE=utf8mb4_0900_ai_ci;
/*!40101 SET character_set_client = @saved_cs_client */;

--
-- Dumping data for table `patient`
--

LOCK TABLES `patient` WRITE;
/*!40000 ALTER TABLE `patient` DISABLE KEYS */;
INSERT INTO `patient` VALUES (1,'1941-12-27 00:00:00','evonnerodrguez217@me.com','Evonne Rodríguez','gmn,aadoio1410'),(2,'1992-09-02 00:00:00','laylasnchez329@gmail.com','Layla Sánchez','aasmsus.isr3586'),(3,'1946-03-04 00:00:00','mariadelvalledelgado57@fruit.net','Maria del Valle Delgado','ibn,hsasam3291'),(4,'2005-12-24 00:00:00','akiocalvo544@yahoo.com','Akio Calvo','nm,agasbpdu,ai1339'),(5,'2004-12-17 00:00:00','chevaliervidal900@hotmail.com','Chevalier Vidal','onemnctidmutmae1496'),(6,'1977-03-12 00:00:00','ciprianojimnez744@fruit.net','Cipriano Jiménez','silnmaet3600'),(7,'1950-12-21 00:00:00','liorfuentes529@gmail.com','Lior Fuentes','silnlve73'),(8,'1956-08-20 00:00:00','febadioserrano400@fruit.net','Febadio Serrano','calve367'),(9,'1982-05-14 00:00:00','dariajimnez651@gmail.com','Daria Jiménez','uttnersPea456'),(10,'1954-12-06 00:00:00','anokiortiz401@me.com','Anoki Ortiz','muneemftrsterPena405'),(11,'1975-07-06 00:00:00','pantagapasmartnez503@me.com','Pantagapas Martínez','teseorctucn,bhin2006'),(12,'1971-09-16 00:00:00','alciracastillo773@hotmail.com','Alcira Castillo','DoecnreastenP381'),(13,'1983-06-16 00:00:00','aprilgutirrez872@fruit.net','April Gutiérrez','muirsalve1576'),(14,'1957-01-25 00:00:00','eliecermolina314@gmail.com','Eliecer Molina','ruucsssti3775'),(15,'1952-04-05 00:00:00','febadioruiz437@gmail.com','Febadio Ruiz','atmelelsut1943'),(16,'1964-02-13 00:00:00','avitalcastro140@fruit.net','Avital Castro','socrcenuettstraePne1915'),(17,'1998-04-20 00:00:00','gwenolealonso247@hotmail.com','Gwenole Alonso','cacoenD1997'),(18,'1951-02-05 00:00:00','namirdiaz495@me.com','Namir Diaz','istsasma2319'),(19,'1993-10-17 00:00:00','maronmarn369@hotmail.com','Maron Marín','tuomooc,md3471'),(20,'1996-06-13 00:00:00','evenciocano505@hotmail.com','Evencio Cano','.duieecotnsrctu692'),(21,'1983-12-04 00:00:00','cliceriolorenzo134@yahoo.com','Clicerio Lorenzo','tsnePaermtea2726'),(22,'1969-03-27 00:00:00','denissesez23@gmail.com','Denisse Sáez','in,bharnPeest2514'),(23,'1972-06-08 00:00:00','piercenavarro369@me.com','Pierce Navarro','cFesu.udi2659'),(24,'1962-01-12 00:00:00','serafinaibez41@gmail.com','Serafina Ibáñez','sutelloocmodm,3632'),(25,'1968-05-23 00:00:00','malvinaargentinapascual210@hotmail.com','Malvina Argentina Pascual','elvnhi,b727'),(26,'1976-07-21 00:00:00','luccasmedina314@fruit.net','Luccas Medina','doiooodmmco3716'),(27,'1966-02-20 00:00:00','luciosoto977@fruit.net','Lucio Soto','neetPasrncseuteotcr268'),(28,'1984-10-11 00:00:00','desiprez533@hotmail.com','Desi Pérez','usrlqeeiseceds2868'),(29,'1975-04-08 00:00:00','cynaraaguilar913@me.com','Cynara Aguilar','e.t.usisr2626'),(30,'1984-02-09 00:00:00','gadfuentes349@hotmail.com','Gad Fuentes','ecusFsrcusu943'),(31,'1993-02-06 00:00:00','seniormoreno377@yahoo.com','Senior Moreno','oDcene.t3103'),(32,'1952-04-22 00:00:00','mignonpea78@gmail.com','Mignon Peña','usb,padii.ud2058'),(33,'1961-05-25 00:00:00','kaethejimnez341@yahoo.com','Kaethe Jiménez','tsluleDoecn1344'),(34,'1986-05-02 00:00:00','calanicomora434@gmail.com','Calanico Mora','e.tsit2934'),(35,'1986-04-20 00:00:00','lisanieto881@hotmail.com','Lisa Nieto','eirsusqlceeet.2967'),(36,'2002-11-26 00:00:00','pameliamedina171@hotmail.com','Pamelia Medina','tojussed1489'),(37,'1954-03-03 00:00:00','exaltaciongil394@me.com','Exaltacion Gil','tllueslnsi2134'),(38,'1957-05-27 00:00:00','evagriomrquez471@me.com','Evagrio Márquez','tuevl3819'),(39,'1972-12-15 00:00:00','petronamndez743@fruit.net','Petrona Méndez',',nibhoomcmod2820'),(40,'1958-07-28 00:00:00','mirrabentez222@yahoo.com','Mirra Benítez','sdedooi3678'),(41,'1998-12-15 00:00:00','saraiortega503@fruit.net','Sarai Ortega','tut.e1826'),(42,'1998-11-17 00:00:00','ogdomnguez457@gmail.com','Og Domínguez','scsurusmasa407'),(43,'1978-06-27 00:00:00','elliottorres183@yahoo.com','Elliot Torres','utllutse758'),(44,'1998-10-06 00:00:00','eudorasantiago430@hotmail.com','Eudora Santiago','velcsusru1695'),(45,'1967-07-16 00:00:00','papilosez918@fruit.net','Papilo Sáez','cuurssuussrc3731'),(46,'1997-03-17 00:00:00','oberonbravo996@gmail.com','Oberon Bravo','aa,mgnntesePar3816'),(47,'1953-05-18 00:00:00','estratonherrero44@hotmail.com','Estraton Herrero','.surissit2336'),(48,'1956-08-27 00:00:00','joeymartnez721@gmail.com','Joey Martínez','russ.im,oodmco348'),(49,'1946-10-10 00:00:00','airliacruz407@hotmail.com','Airlia Cruz','caseucleqeirs3747'),(50,'1997-06-28 00:00:00','latinohernndez730@gmail.com','Latino Hernández','ucusrsdomomc,o1223'),(51,'1978-06-23 00:00:00','oranlozano4@hotmail.com','Oran Lozano','ustontrceecevl2141'),(52,'2003-09-18 00:00:00','eutiquesvicente741@me.com','Eutiques Vicente','tootrrga,amn3899'),(53,'1942-06-16 00:00:00','loreleymolina821@me.com','Loreley Molina','masasmtea2703'),(54,'1998-04-02 00:00:00','nitajimnez485@hotmail.com','Nita Jiménez','etmaooom,dmc1822'),(55,'1940-12-28 00:00:00','claudiosoto774@hotmail.com','Claudio Soto','idoobni,h3591'),(56,'1968-01-18 00:00:00','alcirasantos466@me.com','Alcira Santos','.diulsin2869'),(57,'1985-02-16 00:00:00','dacianogmez376@hotmail.com','Daciano Gómez','Ptrseneasdb,uipa2157'),(58,'1965-06-02 00:00:00','haruniesteban394@gmail.com','Haruni Esteban','odunmintecma,psdiub1016'),(59,'1963-03-28 00:00:00','emerionavarro735@yahoo.com','Emerio Navarro','ang,amut2171'),(60,'1976-02-25 00:00:00','abdiesocaballero305@hotmail.com','Abdieso Caballero','nslicommodo247'),(61,'1990-07-10 00:00:00','kaethegutirrez222@yahoo.com','Kaethe Gutiérrez','uiamsrsuFec3509'),(62,'1952-08-10 00:00:00','pameliacabrera717@gmail.com','Pamelia Cabrera','aeesrPntulestl3471'),(63,'1986-10-08 00:00:00','kenyanieto779@fruit.net','Kenya Nieto','cmooo,dmut3624'),(64,'1943-04-03 00:00:00','galviniglesias986@fruit.net','Galvin Iglesias','gn,aammcdooom3378'),(65,'1967-02-06 00:00:00','garethrodrguez830@me.com','Gareth Rodríguez','utomdomco564'),(66,'1965-12-13 00:00:00','afracrespo767@gmail.com','Afra Crespo','caaman,g2428'),(67,'1988-11-14 00:00:00','alihuenvicente400@yahoo.com','Alihuen Vicente','ib,udaspid.u984'),(68,'1982-02-13 00:00:00','eleanorguerrero481@fruit.net','Eleanor Guerrero','eleseiuscqretam2229'),(69,'1991-04-18 00:00:00','mirenromn721@hotmail.com','Miren Román','g,anamseaPnret171'),(70,'1978-07-20 00:00:00','meyeriglesias193@yahoo.com','Meyer Iglesias','uairsmdi.u1670'),(71,'1961-10-24 00:00:00','nereagimnez615@me.com','Nerea Giménez','tecnecstrouodoi2273'),(72,'1973-06-07 00:00:00','derfutamndez863@fruit.net','Derfuta Méndez','amg,anngam,a3873'),(73,'1974-12-08 00:00:00','eleonorblanco6@me.com','Eleonor Blanco','asmsamenftmure574'),(74,'1970-06-05 00:00:00','eraclioortiz48@hotmail.com','Eraclio Ortiz','dessucFe2586'),(75,'1969-01-12 00:00:00','poncianogimnez695@hotmail.com','Ponciano Giménez','riucqeeessltis365'),(76,'1999-10-06 00:00:00','lyndonalonso702@me.com','Lyndon Alonso','tjosuut3552'),(77,'1979-05-26 00:00:00','altergallego937@me.com','Alter Gallego','tsitlules2543'),(78,'1968-12-28 00:00:00','calimacocarmona440@me.com','Calimaco Carmona','te.oommcd,o3868'),(79,'1941-08-24 00:00:00','loreleymarn706@me.com','Loreley Marín','istenoDc3232'),(80,'2000-01-05 00:00:00','luciennemoreno4@yahoo.com','Lucienne Moreno',',ibnhueltls1764'),(81,'1982-06-09 00:00:00','apolinariosnchez201@me.com','Apolinario Sánchez','aetnsPersruscu1476'),(82,'1990-07-28 00:00:00','atiliocrespo586@gmail.com','Atilio Crespo','ojstuesd2610'),(83,'1995-08-13 00:00:00','gunifortedelgado544@gmail.com','Guniforte Delgado','iuadspb,d.iu2649'),(84,'1950-10-17 00:00:00','bonaiuntacano59@fruit.net','Bonaiunta Cano','esddooi1975'),(85,'1994-04-26 00:00:00','garretcano427@hotmail.com','Garret Cano','uucssrits371'),(86,'1977-11-17 00:00:00','jolinecarrasco358@me.com','Joline Carrasco','oodii.du3877'),(87,'1994-04-20 00:00:00','aikelvarez349@me.com','Aike Álvarez','a,amnglev3621'),(88,'1974-02-28 00:00:00','janinaguerrero16@fruit.net','Janina Guerrero','utlselur.ssi2638'),(89,'1980-12-24 00:00:00','galecrespo446@fruit.net','Gale Crespo','veloustj987'),(90,'1951-05-27 00:00:00','naimmora21@hotmail.com','Naim Mora','acceFsu3814'),(91,'2005-02-18 00:00:00','aneleduran601@gmail.com','Anele Duran','odiosurscu1235'),(92,'1969-03-15 00:00:00','netaniavidal466@gmail.com','Netania Vidal','eeransPtiodo1861'),(93,'1972-01-10 00:00:00','alvandcastillo158@me.com','Alvand Castillo','cuseFetnPesar1795'),(94,'1966-08-17 00:00:00','kennedynavarro84@gmail.com','Kennedy Navarro','siamruasimur2874'),(95,'1978-06-02 00:00:00','diorellamarn836@hotmail.com','Diorella Marín','caucruss134'),(96,'1995-06-10 00:00:00','puranavarro908@hotmail.com','Pura Navarro','te.aassm3832'),(97,'1966-08-23 00:00:00','heracleamoreno847@yahoo.com','Heraclea Moreno','sedtis247'),(98,'1998-09-28 00:00:00','astraibez131@yahoo.com','Astra Ibáñez','desnb,hi3459'),(99,'1980-12-12 00:00:00','nitabravo498@yahoo.com','Nita Bravo','matemcmendniout2906'),(100,'1978-01-24 00:00:00','lillianramrez672@gmail.com','Lillian Ramírez','lnisiru.ss3023'),(101,'1947-05-12 00:00:00','joeygil765@fruit.net','Joey Gil','ag,mnaellsut871'),(102,'1949-05-10 00:00:00','rufinomartin142@gmail.com','Rufino Martin','rseueceqlsitema2829'),(103,'1974-10-26 00:00:00','meneomontero246@gmail.com','Meneo Montero','siaumrDonec1887'),(104,'1989-08-14 00:00:00','saturianopastor477@me.com','Saturiano Pastor','eqselscruieoo,momdc1358'),(105,'1971-09-02 00:00:00','namirarias1@gmail.com','Namir Arias','toujspaiusb,d1346'),(106,'1986-06-06 00:00:00','adbeelgonzlez770@gmail.com','Adbeel González','itsssmaa3732'),(107,'1953-05-10 00:00:00','eshevargas985@fruit.net','Eshe Vargas','mmcdo,oouairms2129'),(108,'1949-12-02 00:00:00','jaldiez80@fruit.net','Jal Diez','urfnmemetits3175'),(109,'2003-11-23 00:00:00','ferngmez345@hotmail.com','Fern Gómez','uceFsaassm460'),(110,'2001-03-03 00:00:00','derlisvicente782@yahoo.com','Derlis Vicente','.isusrrtmuenmef2441'),(111,'2003-06-19 00:00:00','kenzacampos737@fruit.net','Kenza Campos','eessueliqcreds231'),(112,'1960-01-22 00:00:00','adyutocastillo637@gmail.com','Adyuto Castillo','mmcooodtsouj1485'),(113,'1997-12-13 00:00:00','canciocortes209@yahoo.com','Cancio Cortes','dmoomocusurcs2781'),(114,'1960-11-02 00:00:00','salvinovicente879@me.com','Salvino Vicente','scuFecsusur180'),(115,'1972-04-06 00:00:00','karibeblanco122@yahoo.com','Karibe Blanco','caasmsa963'),(116,'1952-03-23 00:00:00','asiadiaz518@fruit.net','Asia Diaz','nDeocvel2074'),(117,'1995-09-10 00:00:00','pomposabravo84@gmail.com','Pomposa Bravo','mssaa.et3268'),(118,'1971-02-13 00:00:00','lilacherrero3@gmail.com','Lilac Herrero','rmntfumeeucseF2532'),(119,'1963-09-23 00:00:00','roseduran629@fruit.net','Rose Duran','odo,commaamss3003'),(120,'1971-04-14 00:00:00','layatorres324@hotmail.com','Laya Torres','ursis.iud.1393'),(121,'1995-07-28 00:00:00','berardosoto976@gmail.com','Berardo Soto','evlnceDo2438'),(122,'1955-02-12 00:00:00','majenciogil191@fruit.net','Majencio Gil','tmaeooid3798'),(123,'1947-04-25 00:00:00','adamnanpastor573@hotmail.com','Adamnan Pastor','du.itu560'),(124,'1970-01-11 00:00:00','larryruiz997@me.com','Larry Ruiz','odo,ocmmmumerfnte237'),(125,'1953-01-23 00:00:00','luciolorenzo759@yahoo.com','Lucio Lorenzo','isur.sottorr1188'),(126,'1988-11-09 00:00:00','febeherrero933@me.com','Febe Herrero','ctnsoueetrcojust1902'),(127,'1996-09-14 00:00:00','gregorinacaballero363@yahoo.com','Gregorina Caballero','bpuds,iaultles3394'),(128,'1982-03-21 00:00:00','barclisanz192@yahoo.com','Barcli Sanz','usri.sDnoec751'),(129,'1945-07-20 00:00:00','berardocortes230@gmail.com','Berardo Cortes','ellstu,amagn333'),(130,'1956-07-10 00:00:00','peltondiez818@gmail.com','Pelton Diez','erfmtnmueucesF3494'),(131,'1941-01-20 00:00:00','castulogutirrez636@gmail.com','Castulo Gutiérrez','mtaesinl3916'),(132,'1941-02-28 00:00:00','feroniasantos251@fruit.net','Feronia Santos','dooocmma,mgan1564'),(133,'1947-02-11 00:00:00','rockwellromero229@me.com','Rockwell Romero','iuetnocnmmdet.2525'),(134,'1983-04-16 00:00:00','meredithvidal678@gmail.com','Meredith Vidal','evlac3035'),(135,'1951-03-11 00:00:00','oberonherrero126@yahoo.com','Oberon Herrero','scrusustleul1733'),(136,'1988-07-21 00:00:00','divnamndez483@yahoo.com','Divna Méndez','aa,gnmuucssr2738'),(137,'1997-08-28 00:00:00','hughlpez116@gmail.com','Hugh López','lvejosut2344'),(138,'1976-10-16 00:00:00','bramnavarro819@fruit.net','Bram Navarro','esdaemt3640'),(139,'1957-01-08 00:00:00','espenfuentes851@me.com','Espen Fuentes','budsapi,asmsa1233'),(140,'1941-07-12 00:00:00','lisavidal983@me.com','Lisa Vidal','crussu,bnih535'),(141,'1949-07-07 00:00:00','namircabrera276@gmail.com','Namir Cabrera','aamssut918'),(142,'1981-01-15 00:00:00','amaichacampos405@hotmail.com','Amaicha Campos','eoDcnssi.ru2716'),(143,'1960-08-24 00:00:00','lessiavicente507@hotmail.com','Lessia Vicente','samsassama1113'),(144,'1982-11-09 00:00:00','marvincarmona174@hotmail.com','Marvin Carmona','Fsucetotror1461'),(145,'1947-12-08 00:00:00','ionatansantiago164@yahoo.com','Ionatan Santiago','gmnaa,ocoomdm1421'),(146,'1956-01-17 00:00:00','alexeevlen933@yahoo.com','Alexeev León','utlnsi1439'),(147,'1989-12-09 00:00:00','sashenkadiez595@me.com','Sashenka Diez','rtrotousltel3659'),(148,'1954-09-05 00:00:00','macleanfernndez462@hotmail.com','Maclean Fernández','srsucuretcctousen307'),(149,'1997-08-24 00:00:00','gwenolemedina436@gmail.com','Gwenole Medina','samsaist3851'),(150,'1982-11-15 00:00:00','itamarmartin305@me.com','Itamar Martin','orotrtPntseera306'),(151,'1984-03-21 00:00:00','ariojimnez421@hotmail.com','Ario Jiménez','p,isduabesd2503'),(152,'2005-10-27 00:00:00','elseromn624@hotmail.com','Else Román','mefrnumetfermnutem385'),(153,'1996-03-28 00:00:00','gramgarca642@yahoo.com','Gram García','usceFoiod2792'),(154,'2003-12-12 00:00:00','belkyssdomnguez757@yahoo.com','Belkyss Domínguez','i.udtis427'),(155,'1977-04-03 00:00:00','monroehidalgo290@hotmail.com','Monroe Hidalgo','frmentmeumassa682'),(156,'1968-10-19 00:00:00','destinytorres26@fruit.net','Destiny Torres','oidoteluls1637'),(157,'1964-01-04 00:00:00','astracaballero755@hotmail.com','Astra Caballero','biuspd,airsus.2598'),(158,'1997-07-01 00:00:00','abudemioramos751@gmail.com','Abudemio Ramos','stPneeran,mgaa2717'),(159,'2005-02-01 00:00:00','glicerionez707@fruit.net','Glicerio Núñez','lceeriqsuesrsusuc838'),(160,'1959-03-09 00:00:00','mialen628@yahoo.com','Mia León','lveaerPsnet883'),(161,'1971-11-14 00:00:00','neilnieto166@me.com','Neil Nieto','tjsousde2608'),(162,'1994-12-21 00:00:00','esheherrero779@hotmail.com','Eshe Herrero','s.usirca3511'),(163,'2003-07-02 00:00:00','aikesantos127@hotmail.com','Aike Santos','oiodecnutrteosc2266'),(164,'1987-09-01 00:00:00','nahairgarrido474@gmail.com','Nahair Garrido','evlac2701'),(165,'1989-10-06 00:00:00','cyntiafuentes768@fruit.net','Cyntia Fuentes','mgaa,nb,inh2721'),(166,'1992-06-26 00:00:00','capucinelvarez48@fruit.net','Capucine Álvarez','cFuesvel3081'),(167,'2002-05-13 00:00:00','liucampos744@fruit.net','Liu Campos','m,ooocmdeelrqesuics3015'),(168,'1996-04-20 00:00:00','merolinoalonso196@hotmail.com','Merolino Alonso','lvecodo,omm82'),(169,'1942-07-05 00:00:00','makennamora121@gmail.com','Makenna Mora','mdooco,mssmaa727'),(170,'1950-12-01 00:00:00','hidulfovzquez565@yahoo.com','Hidulfo Vázquez','mufneermtttroro82'),(171,'1953-08-13 00:00:00','evelinarubio627@yahoo.com','Evelina Rubio','mn,aagorortt3218'),(172,'1982-09-16 00:00:00','polioserrano711@hotmail.com','Polio Serrano','evlmtea3413'),(173,'2002-04-22 00:00:00','heracleadiaz491@gmail.com','Heraclea Diaz','levamssa305'),(174,'1957-07-14 00:00:00','eddavargas21@yahoo.com','Edda Vargas','aasmsamsas3184'),(175,'1950-11-03 00:00:00','anohacano42@fruit.net','Anoha Cano',',hnbiscuusr238'),(176,'1965-04-18 00:00:00','aleandrolozano852@yahoo.com','Aleandro Lozano','lvelve927'),(177,'1989-03-23 00:00:00','monroecaballero213@yahoo.com','Monroe Caballero','uuscrsftememurn1109'),(178,'1963-08-15 00:00:00','berkalonso54@me.com','Berk Alonso','nermmteufcoodomm1515'),(179,'1960-09-01 00:00:00','ardencarmona250@yahoo.com','Arden Carmona','Ptsenearommodoc3164'),(180,'2003-06-28 00:00:00','cameliacalvo698@gmail.com','Camelia Calvo','leqceusisresruscu2770'),(181,'1993-10-07 00:00:00','janinagarca798@yahoo.com','Janina García','uucsrs.et1754'),(182,'1971-11-28 00:00:00','eddamndez97@hotmail.com','Edda Méndez','sipaub,dtnmonmeidcu1681'),(183,'1974-11-11 00:00:00','rhysblanco46@me.com','Rhys Blanco','samas,mgana765'),(184,'1947-04-06 00:00:00','laialgil294@fruit.net','Laial Gil','i.dudienmnocutm2471'),(185,'1956-09-16 00:00:00','balbotorres2@hotmail.com','Balbo Torres','esdsamuir1459'),(186,'1998-01-05 00:00:00','florencelorenzo978@me.com','Florence Lorenzo',',hibnsairmu3805'),(187,'1955-08-16 00:00:00','janinavargas522@gmail.com','Janina Vargas','.iudac385'),(188,'1977-01-27 00:00:00','efebomedina852@hotmail.com','Efebo Medina','sde.uid1310'),(189,'1953-02-09 00:00:00','crisostomobentez736@me.com','Crisostomo Benítez','usceFuFces873'),(190,'1964-01-11 00:00:00','larrimorebentez220@fruit.net','Larrimore Benítez','gm,anacususr1415'),(191,'1978-07-14 00:00:00','cleroramos55@fruit.net','Clero Ramos','ttrorolutlse1248'),(192,'1980-11-27 00:00:00','flaviohidalgo222@gmail.com','Flavio Hidalgo','oustjevl1355'),(193,'1986-12-23 00:00:00','clausmora100@yahoo.com','Claus Mora','tisFesuc2544'),(194,'1969-01-24 00:00:00','fallonbentez677@hotmail.com','Fallon Benítez','queecielsrsscurus1903'),(195,'1977-04-03 00:00:00','enricoarias470@yahoo.com','Enrico Arias','teamiodo834'),(196,'1987-10-26 00:00:00','adahgallego997@me.com','Adah Gallego','lnsisurami1854'),(197,'1997-02-27 00:00:00','gisellebentez188@yahoo.com','Giselle Benítez','ruucssmtemunref1375'),(198,'1966-09-05 00:00:00','gisellesantos137@fruit.net','Giselle Santos','tematotror2093'),(199,'1981-12-16 00:00:00','agatangelovega614@hotmail.com','Agatangelo Vega','itsotrtor1129'),(200,'1950-07-09 00:00:00','noviagarca117@fruit.net','Novia García','escFutu60'),(201,'1973-08-26 00:00:00','alysonprez127@yahoo.com','Alyson Pérez','omdoc,modse1249'),(202,'1959-03-14 00:00:00','saulomedina664@hotmail.com','Saulo Medina','otjusenocD3188'),(203,'1968-11-15 00:00:00','kristinflores570@fruit.net','Kristin Flores','acnoimdnemutc3225'),(204,'1950-10-03 00:00:00','fionnagallardo789@fruit.net','Fionna Gallardo','stojuurmntmeef309'),(205,'2001-02-26 00:00:00','jardenaduran962@yahoo.com','Jardena Duran','tursnaeteP1133'),(206,'2003-07-22 00:00:00','hilariobravo925@fruit.net','Hilario Bravo','ihn,buscsru2533'),(207,'1988-07-05 00:00:00','nisimcortes495@yahoo.com','Nisim Cortes','mennuitdcmoca1942'),(208,'1986-04-23 00:00:00','kenjiramrez410@hotmail.com','Kenji Ramírez','isnldbsapiu,709'),(209,'1946-06-06 00:00:00','alcirasuarez107@me.com','Alcira Suarez','sursuch,bni3088'),(210,'1980-01-17 00:00:00','masonavzquez628@gmail.com','Masona Vázquez','slniroottr1548'),(211,'1997-01-06 00:00:00','santosmndez762@hotmail.com','Santos Méndez','uttsjuo103'),(212,'1982-11-14 00:00:00','honestoreyes699@me.com','Honesto Reyes','istilns1542'),(213,'2004-07-18 00:00:00','birtlevega189@fruit.net','Birtle Vega','levaemt3673'),(214,'1951-08-08 00:00:00','raimondoserrano835@hotmail.com','Raimondo Serrano','t.eh,nbi2259'),(215,'1969-05-09 00:00:00','fandilasfuentes150@fruit.net','Fandilas Fuentes','idootis2463'),(216,'1956-06-26 00:00:00','anellaesteban929@gmail.com','Anella Esteban',',nbhiasirmu1797'),(217,'1955-02-24 00:00:00','gwenolecampos393@gmail.com','Gwenole Campos','uoscnecerttsotju2567'),(218,'1970-01-20 00:00:00','jamisonaguilar629@me.com','Jamison Aguilar','omoomdc,aangm,919'),(219,'1990-08-12 00:00:00','semelesantos248@gmail.com','Semele Santos','cnuonitmmedjsotu2491'),(220,'1966-03-08 00:00:00','sayurisoler966@hotmail.com','Sayuri Soler','sdet.e3525'),(221,'1977-11-27 00:00:00','ayeraicampos686@hotmail.com','Ayerai Campos','usjotac3201'),(222,'1973-03-28 00:00:00','rosalbatorres63@me.com','Rosalba Torres','esdcsntuetoerc1687'),(223,'2001-02-26 00:00:00','gonzaloflores485@me.com','Gonzalo Flores','itsocrnceeutst967'),(224,'1957-11-02 00:00:00','ercilialvarez115@gmail.com','Ercilia Álvarez','oidosamsa2323'),(225,'1945-04-08 00:00:00','jamisonromn535@yahoo.com','Jamison Román','amagn,.te580'),(226,'1961-01-22 00:00:00','beaumontmndez584@me.com','Beaumont Méndez','iodosasam3141'),(227,'1962-02-15 00:00:00','holtcastro93@hotmail.com','Holt Castro','ibuda,spatme2139'),(228,'1999-05-06 00:00:00','elazarhidalgo521@gmail.com','Elazar Hidalgo',',ihnbtmae2851'),(229,'1990-02-22 00:00:00','indigosnchez318@hotmail.com','Indigo Sánchez','mteaatem3662'),(230,'1950-10-24 00:00:00','anaisvidal748@gmail.com','Anais Vidal','uesltlulltes3293'),(231,'1949-04-18 00:00:00','flavinaduran894@hotmail.com','Flavina Duran','rtufmneemsde2695'),(232,'1977-11-20 00:00:00','orifuentes484@gmail.com','Ori Fuentes','uapdsb,iuqleescreis189'),(233,'1940-11-25 00:00:00','pamelianavarro824@hotmail.com','Pamelia Navarro','mcomdo,oeFucs3415'),(234,'1977-02-15 00:00:00','dionysusvelasco524@me.com','Dionysus Velasco','diu.cnoDe1212'),(235,'1988-08-06 00:00:00','edithrodrguez106@gmail.com','Edith Rodríguez','iu.ducsurs2846'),(236,'1958-09-19 00:00:00','catulinobravo827@hotmail.com','Catulino Bravo','sirumatis388'),(237,'1994-12-11 00:00:00','polioncarmona96@gmail.com','Polion Carmona','nntmciudoemmfenretmu1510'),(238,'1946-09-27 00:00:00','santoshibez477@gmail.com','Santosh Ibáñez','asurmidse2301'),(239,'1993-12-07 00:00:00','orianaaguilar705@gmail.com','Oriana Aguilar','desn,amga2804'),(240,'1959-02-04 00:00:00','caedmonmndez817@yahoo.com','Caedmon Méndez','doioPaerntes1435'),(241,'2003-06-27 00:00:00','poncianogonzlez132@gmail.com','Ponciano González','jotsulve2791'),(242,'1970-03-16 00:00:00','belkysscarmona247@me.com','Belkyss Carmona','ntcuertcosed.ui849'),(243,'1940-08-02 00:00:00','nitasoler73@hotmail.com','Nita Soler','odoissuucr675'),(244,'1953-11-11 00:00:00','etaniaesteban629@yahoo.com','Etania Esteban','urcssuss.uri27'),(245,'2000-01-08 00:00:00','fabiolapascual16@gmail.com','Fabiola Pascual','ntcteecsruosde2279'),(246,'1955-05-01 00:00:00','flinnnez653@me.com','Flinn Núñez','eiuecseslqrdommcoo2925'),(247,'1987-12-26 00:00:00','adbeelmontero802@me.com','Adbeel Montero','lustletu3618'),(248,'1992-06-13 00:00:00','honestopastor770@me.com','Honesto Pastor','mocomod,mrueemftn536'),(249,'1977-08-04 00:00:00','faronpastor282@hotmail.com','Faron Pastor','ceuFsut3630'),(250,'1941-04-10 00:00:00','mariadelvallebentez280@gmail.com','Maria del Valle Benítez','icuesleesqrFuecs230'),(251,'1991-06-28 00:00:00','eyotanieto162@me.com','Eyota Nieto','tsinidneommtuc1637'),(252,'2005-04-14 00:00:00','luciovega590@gmail.com','Lucio Vega','tmaeelv3217'),(253,'1955-03-24 00:00:00','kenelmvargas374@me.com','Kenelm Vargas','anserPetac610'),(254,'1955-04-17 00:00:00','estratonsuarez91@yahoo.com','Estraton Suarez','aisrmunlis960'),(255,'1995-04-07 00:00:00','asbeltorres24@hotmail.com','Asbel Torres','ocdoommnoecD2708'),(256,'1944-02-05 00:00:00','guilhermemuoz197@fruit.net','Guilherme Muñoz','omco,odmcmoodom767'),(257,'1946-11-10 00:00:00','honestoserrano705@gmail.com','Honesto Serrano','netfmrmeusentPare2763'),(258,'1962-08-24 00:00:00','dheeraiglesias506@fruit.net','Dheera Iglesias','iamursdu.i85'),(259,'1952-12-15 00:00:00','rowenasanz357@fruit.net','Rowena Sanz','veldse1643'),(260,'1973-04-15 00:00:00','farengutirrez449@me.com','Faren Gutiérrez','tug,aman546'),(261,'1957-05-18 00:00:00','santosjimnez433@yahoo.com','Santos Jiménez','uetlslodom,omc3387'),(262,'1952-09-11 00:00:00','blairgarca304@me.com','Blair García','uid.iood2451'),(263,'1952-07-01 00:00:00','aidaortega512@gmail.com','Aida Ortega','u.idsru.si2495'),(264,'1951-11-13 00:00:00','musonogallego169@hotmail.com','Musono Gallego','ihbn,ut3290'),(265,'1972-01-13 00:00:00','manderalonso316@fruit.net','Mander Alonso','uotsjFucse2791'),(266,'1993-08-28 00:00:00','nilamonflores459@hotmail.com','Nilamon Flores','caga,man3345'),(267,'1946-10-09 00:00:00','galileopastor744@fruit.net','Galileo Pastor','urmsaitu3767'),(268,'1949-08-04 00:00:00','meneoesteban221@gmail.com','Meneo Esteban','ruscsulsni866'),(269,'1990-01-20 00:00:00','fredagmez980@me.com','Freda Gómez','onceDus.irs1609'),(270,'1964-11-16 00:00:00','mectildislozano36@fruit.net','Mectildis Lozano','aumisrsFuec1100'),(271,'1968-09-25 00:00:00','judevzquez356@fruit.net','Jude Vázquez','hin,brototr1439'),(272,'1992-01-25 00:00:00','acatotorres679@hotmail.com','Acato Torres','in,bhrmemtnfue3331'),(273,'1942-03-21 00:00:00','ishaiahufuentes270@fruit.net','Ishaiahu Fuentes','tsisqsecurleei3035'),(274,'1964-07-06 00:00:00','salvinocastro611@gmail.com','Salvino Castro','ocomomdist2955'),(275,'1977-05-07 00:00:00','auxibiocastro19@gmail.com','Auxibio Castro','rsucus.et3753'),(276,'1950-07-01 00:00:00','kamekovelasco164@yahoo.com','Kameko Velasco','.duiemtferunm2241'),(277,'1970-11-04 00:00:00','kaethemolina754@hotmail.com','Kaethe Molina','evltnudmomneci2337'),(278,'1973-07-22 00:00:00','derlisbravo980@fruit.net','Derlis Bravo','oocodmm,cmmoodo2909'),(279,'1986-06-23 00:00:00','honestomolina613@fruit.net','Honesto Molina','itsevl1660'),(280,'1987-03-15 00:00:00','pattyrodrguez74@gmail.com','Patty Rodríguez','i.udamssa3142'),(281,'1995-02-28 00:00:00','amijaydomnguez364@yahoo.com','Amijay Domínguez','ttroronhbi,590'),(282,'1969-06-24 00:00:00','federicosnchez174@hotmail.com','Federico Sánchez','uletslmuoncntiemd596'),(283,'1973-11-26 00:00:00','liubacastillo632@gmail.com','Liuba Castillo','uriss.uusscr3080'),(284,'1980-12-09 00:00:00','ionaaguilar833@yahoo.com','Iona Aguilar','stuojibh,n2682'),(285,'1961-04-16 00:00:00','estratongallego796@gmail.com','Estraton Gallego','trtoornlis1319'),(286,'2003-09-10 00:00:00','felicidadcastro182@me.com','Felicidad Castro','selultcDnoe2101'),(287,'1965-02-28 00:00:00','alteacaballero680@yahoo.com','Altea Caballero','ortortmocomdo933'),(288,'2000-09-05 00:00:00','semiramiscarmona477@me.com','Semiramis Carmona','desneerastP3078'),(289,'1955-06-28 00:00:00','clementhernndez944@yahoo.com','Clement Hernández','josutac3319'),(290,'1977-11-05 00:00:00','mariadelpinoherrero595@yahoo.com','Maria del Pino Herrero','uctetceorsnimasur3487'),(291,'1979-08-03 00:00:00','anaislvarez557@yahoo.com','Anais Álvarez','aup,idsbh,ibn1494'),(292,'1990-01-12 00:00:00','elenacortes885@hotmail.com','Elena Cortes','idnemoucmtnsasam3506'),(293,'1967-09-01 00:00:00','mustafahidalgo731@me.com','Mustafa Hidalgo','cseuFeucsF887'),(294,'1994-09-24 00:00:00','nicolettelorenzo461@me.com','Nicolette Lorenzo','ultselcocuesenttr3863'),(295,'1958-04-23 00:00:00','sahiramora39@hotmail.com','Sahira Mora','ncDeout827'),(296,'1998-12-01 00:00:00','lihuelruiz914@me.com','Lihuel Ruiz','tisnefmrteum2473'),(297,'1958-02-27 00:00:00','novalpez331@fruit.net','Nova López','dsea,pisbud1518'),(298,'1990-03-17 00:00:00','fergusalonso60@gmail.com','Fergus Alonso','msaastjsou149'),(299,'2000-09-26 00:00:00','patiencegarrido529@yahoo.com','Patience Garrido','uairmste.2974'),(300,'1942-12-13 00:00:00','lessiagimnez775@yahoo.com','Lessia Giménez','d.uissrcuu1492'),(301,'2000-09-05 00:00:00','cantaliciosantos617@hotmail.com','Cantalicio Santos','esdsmasa606'),(302,'1971-11-10 00:00:00','glennamuoz919@fruit.net','Glenna Muñoz','siu.srucesF2934'),(303,'1955-02-25 00:00:00','feliciteherrero250@fruit.net','Felicite Herrero','mcomdoomcodo,om3882'),(304,'1968-02-18 00:00:00','calimacomartnez800@gmail.com','Calimaco Martínez','tujosoiod3741'),(305,'1976-12-11 00:00:00','katelynsantana940@gmail.com','Katelyn Santana','acstujo3112'),(306,'1971-11-23 00:00:00','pinmontero567@hotmail.com','Pin Montero','utsuojt1117'),(307,'1981-10-24 00:00:00','mitricioortega873@yahoo.com','Mitricio Ortega','istecDno2810'),(308,'1999-03-24 00:00:00','rockwellreyes219@hotmail.com','Rockwell Reyes','crsuustroececnsut61'),(309,'1968-01-12 00:00:00','lewanavelasco664@gmail.com','Lewana Velasco','ltlesuri.uss3917'),(310,'1972-01-13 00:00:00','bonfilioalonso272@hotmail.com','Bonfilio Alonso','e.toido2126'),(311,'1961-10-18 00:00:00','alelivicente951@hotmail.com','Aleli Vicente','tjusourucss274'),(312,'1941-10-17 00:00:00','montserratvargas667@fruit.net','Montserrat Vargas','seurqeecsliuesscrilqee2411'),(313,'2002-01-04 00:00:00','helvetiamora175@me.com','Helvetia Mora','orottrussurc2934'),(314,'2002-02-20 00:00:00','auxibiocampos629@fruit.net','Auxibio Campos','onDcedioo3657'),(315,'1986-11-05 00:00:00','eutropiosantana341@fruit.net','Eutropio Santana','ceoDnrusis.412'),(316,'1971-02-26 00:00:00','gledamrquez873@fruit.net','Gleda Márquez','lulestrs.siu2846'),(317,'1960-12-15 00:00:00','astradiaz664@hotmail.com','Astra Diaz','sinlortrot799'),(318,'1980-01-24 00:00:00','alemmoya202@gmail.com','Alem Moya','scFeuamsas618'),(319,'1950-12-12 00:00:00','priyamartnez85@me.com','Priya Martínez','sscurusit1052'),(320,'1970-01-11 00:00:00','corinmndez494@hotmail.com','Corin Méndez','.duisit3170'),(321,'1989-09-07 00:00:00','leonidasprieto1@gmail.com','Leonidas Prieto','nmmufreetqrcleuesies2388'),(322,'1994-05-07 00:00:00','hanancarrasco742@fruit.net','Hanan Carrasco','idooac2801');
/*!40000 ALTER TABLE `patient` ENABLE KEYS */;
UNLOCK TABLES;

--
-- Table structure for table `personal`
--

DROP TABLE IF EXISTS `personal`;
/*!40101 SET @saved_cs_client     = @@character_set_client */;
/*!50503 SET character_set_client = utf8mb4 */;
CREATE TABLE `personal` (
  `personal_type` int NOT NULL,
  `id` int NOT NULL AUTO_INCREMENT,
  `dni` varchar(255) DEFAULT NULL,
  `fullName` varchar(255) DEFAULT NULL,
  `yearsExperience` int DEFAULT NULL,
  `area` varchar(255) DEFAULT NULL,
  PRIMARY KEY (`id`),
  UNIQUE KEY `UK_b3wa2ur92ypvj27vgk3m14y5d` (`dni`)
) ENGINE=InnoDB AUTO_INCREMENT=131 DEFAULT CHARSET=utf8mb4 COLLATE=utf8mb4_0900_ai_ci;
/*!40101 SET character_set_client = @saved_cs_client */;

--
-- Dumping data for table `personal`
--

LOCK TABLES `personal` WRITE;
/*!40000 ALTER TABLE `personal` DISABLE KEYS */;
INSERT INTO `personal` VALUES (1,1,'59546346','Millay Vargas',2,NULL),(1,2,'329057257','Muskaan Navarro',4,NULL),(1,3,'334175630','Bohdana Parra',7,NULL),(1,4,'243784456','Liuba Alonso',8,NULL),(1,5,'337807609','Kenelm García',4,NULL),(1,6,'259703486','Morella Crespo',9,NULL),(1,7,'250604733','Clicerio Rubio',5,NULL),(1,8,'398436763','Capucine Sánchez',9,NULL),(1,9,'369146080','Gonzalo Gallardo',5,NULL),(1,10,'211700987','Gale Molina',8,NULL),(1,11,'298506679','Branimir Diaz',2,NULL),(1,12,'282414919','Honoria Fernández',5,NULL),(1,13,'163583137','Lucine Sánchez',6,NULL),(1,14,'77208061','Atalicio Romero',4,NULL),(1,15,'242040732','Anacelis Santana',7,NULL),(1,16,'182118386','Calanico Moya',4,NULL),(1,17,'354153719','Evencio Ibáñez',4,NULL),(1,18,'286622844','Altea Parra',6,NULL),(1,19,'73790642','Ceasar Hernández',2,NULL),(1,20,'221466717','Eial Garrido',7,NULL),(1,21,'162908115','Beatriz Álvarez',8,NULL),(1,22,'295437797','Sahira Vicente',4,NULL),(1,23,'48820034','Ilan Reyes',8,NULL),(1,24,'132434723','Alphonse Arias',9,NULL),(1,25,'117236228','Else Torres',7,NULL),(1,26,'289828185','Logan Sanz',3,NULL),(1,27,'299559880','Pura Cabrera',7,NULL),(1,28,'397695752','Ianina Rodríguez',2,NULL),(1,29,'45075231','Hildegarda Delgado',2,NULL),(1,30,'42806874','Nazaria Lorenzo',8,NULL),(1,31,'363167195','Arneris Ibáñez',10,NULL),(1,32,'220355769','Armandina Nieto',6,NULL),(1,33,'101374938','Liko Caballero',3,NULL),(1,34,'230124496','Rayen Santiago',7,NULL),(1,35,'147682393','Federico Sanz',4,NULL),(1,36,'202707222','Emir Vidal',10,NULL),(1,37,'215210135','Cornelio Sánchez',10,NULL),(1,38,'298585088','Dov Campos',6,NULL),(1,39,'291282957','Dai Sánchez',7,NULL),(1,40,'51032167','Ghaliya Cano',6,NULL),(1,41,'243863223','Eligio Martínez',4,NULL),(1,42,'63710185','Evencio Arias',4,NULL),(1,43,'127786041','Cynara Esteban',4,NULL),(1,44,'75041797','Priya Lozano',5,NULL),(1,45,'279007835','Saturnina Ibáñez',7,NULL),(1,46,'295605726','Marciano Velasco',8,NULL),(1,47,'239394213','Mitch Navarro',7,NULL),(1,48,'46768509','Kristin Vega',10,NULL),(1,49,'395851041','Elliot Morales',6,NULL),(1,50,'322322731','Etania Martínez',5,NULL),(2,51,'122136102','Lucky Méndez',NULL,'Registro'),(2,52,'127293475','Felicisima Parra',NULL,'Suministros'),(2,53,'250827798','Jade Marín',NULL,'Ingresos'),(2,54,'340188289','Aviv Marín',NULL,'Vacunacion'),(2,55,'342519522','Amabelio Romero',NULL,'Vacunacion'),(2,56,'91497674','Sandra Marín',NULL,'Ingresos'),(2,57,'396460670','Porsche Santos',NULL,'Suministros'),(2,58,'334098041','Abibo Núñez',NULL,'Ingresos'),(2,59,'225206322','Gerasimo Diez',NULL,'Orientacion'),(2,60,'110506100','Cantalicio Muñoz',NULL,'Urgencias'),(2,61,'75972392','Andrey González',NULL,'Vacunacion'),(2,62,'54368372','Beaumont Sáez',NULL,'Orientacion'),(2,63,'271143615','Hillel Aguilar',NULL,'Observaciones'),(2,64,'314609274','Gurio Alonso',NULL,'Ingresos'),(2,65,'199472664','Itamar Lorenzo',NULL,'Urgencias'),(2,66,'244178429','Alenka León',NULL,'Ingresos'),(2,67,'166884311','Nilda Parra',NULL,'Suministros'),(2,68,'308640519','Jamison Crespo',NULL,'Ingresos'),(2,69,'79764946','Jill Prieto',NULL,'Registro'),(2,70,'309531478','Aleksey Caballero',NULL,'Vacunacion'),(2,71,'209940911','Cuyen Arias',NULL,'Urgencias'),(2,72,'362416589','Bente Arias',NULL,'Observaciones'),(2,73,'313619774','Neil Gómez',NULL,'Suministros'),(2,74,'112463615','Megan Carrasco',NULL,'Suministros'),(2,75,'250117838','Aicardo Carmona',NULL,'Urgencias'),(2,76,'191697904','Amaicha Peña',NULL,'Orientacion'),(2,77,'164006393','Kasim Hernández',NULL,'Ingresos'),(2,78,'305975463','Eutropio Gallardo',NULL,'Registro'),(2,79,'109820577','Latino Gallardo',NULL,'Vacunacion'),(2,80,'89406072','Piramo López',NULL,'Observaciones'),(2,81,'83365323','Crenscente Castro',NULL,'Vacunacion'),(2,82,'363097321','Imul Santiago',NULL,'Urgencias'),(2,83,'197109328','Brynn Ibáñez',NULL,'Registro'),(2,84,'230056876','Charbel Velasco',NULL,'Vacunacion'),(2,85,'297185713','Luciana Crespo',NULL,'Vacunacion'),(2,86,'326636989','Josias Gallego',NULL,'Ingresos'),(2,87,'320738930','Natala Vega',NULL,'Registro'),(2,88,'314179958','Cyrilla Vargas',NULL,'Ingresos'),(2,89,'92464994','Atalo Pascual',NULL,'Orientacion'),(2,90,'213907816','Ives Navarro',NULL,'Registro'),(2,91,'297362785','Dagny Ferrer',NULL,'Suministros'),(2,92,'143907760','Laudomia Reyes',NULL,'Registro'),(2,93,'125840755','Anisi Esteban',NULL,'Ingresos'),(2,94,'309983373','Kristin Gil',NULL,'Vacunacion'),(2,95,'354756223','Modesty Hernández',NULL,'Urgencias'),(2,96,'321825581','Giselle Ortiz',NULL,'Registro'),(2,97,'70901339','Mariamar Garrido',NULL,'Registro'),(2,98,'303609174','Norton Diaz',NULL,'Observaciones'),(2,99,'164229009','Giorgina Benítez',NULL,'Orientacion'),(2,100,'160789439','Adita Sánchez',NULL,'Urgencias'),(2,101,'37610857','Normando Arias',NULL,'Urgencias'),(2,102,'48032614','Eudocia Lozano',NULL,'Observaciones'),(2,103,'265191662','Lucero Ruiz',NULL,'Suministros'),(2,104,'314497724','Gangulfo Alonso',NULL,'Registro'),(2,105,'249570755','Mercurial Iglesias',NULL,'Vacunacion'),(2,106,'397119914','Clever Serrano',NULL,'Vacunacion'),(2,107,'146232389','Maiatza Pastor',NULL,'Orientacion'),(2,108,'253158623','Aniella Parra',NULL,'Registro'),(2,109,'53440091','Paris Núñez',NULL,'Orientacion'),(2,110,'139608361','Fileas Ruiz',NULL,'Ingresos'),(2,111,'281458068','Graciliano Serrano',NULL,'Orientacion'),(2,112,'209653008','Cornelio Soler',NULL,'Ingresos'),(2,113,'178731586','Lilac Diaz',NULL,'Suministros'),(2,114,'324926088','Abundio Velasco',NULL,'Suministros'),(2,115,'35357139','Felicidad Herrera',NULL,'Ingresos'),(2,116,'354948557','Parrish Hidalgo',NULL,'Registro'),(2,117,'77560287','Argentino Domínguez',NULL,'Observaciones'),(2,118,'231584128','Larrimore Ramos',NULL,'Ingresos'),(2,119,'46078279','Pomposa Santos',NULL,'Registro'),(2,120,'227855159','Quirico Ramos',NULL,'Ingresos'),(2,121,'316260715','Milagros Sanz',NULL,'Registro'),(2,122,'265144463','Polio Ramírez',NULL,'Suministros'),(2,123,'110056893','Linda Benítez',NULL,'Orientacion'),(2,124,'32656421','Romeo Moreno',NULL,'Observaciones'),(2,125,'64476630','Felicite Sánchez',NULL,'Ingresos'),(2,126,'185427275','Helio León',NULL,'Vacunacion'),(2,127,'275627171','Clint Fuentes',NULL,'Orientacion'),(2,128,'331430306','Mercurial Velasco',NULL,'Ingresos'),(2,129,'193888573','Rebekah Giménez',NULL,'Urgencias'),(2,130,'224845167','Polion Muñoz',NULL,'Orientacion');
/*!40000 ALTER TABLE `personal` ENABLE KEYS */;
UNLOCK TABLES;

--
-- Table structure for table `personal_centre`
--

DROP TABLE IF EXISTS `personal_centre`;
/*!40101 SET @saved_cs_client     = @@character_set_client */;
/*!50503 SET character_set_client = utf8mb4 */;
CREATE TABLE `personal_centre` (
  `centre_id` int NOT NULL,
  `personal_id` int NOT NULL,
  KEY `FKtk82im0rnrugdoh0ruv6ssvqg` (`personal_id`),
  KEY `FKk5ep6napvl5p1r4wh3ykmbbp4` (`centre_id`),
  CONSTRAINT `FKk5ep6napvl5p1r4wh3ykmbbp4` FOREIGN KEY (`centre_id`) REFERENCES `centre` (`id`),
  CONSTRAINT `FKtk82im0rnrugdoh0ruv6ssvqg` FOREIGN KEY (`personal_id`) REFERENCES `personal` (`id`)
) ENGINE=InnoDB DEFAULT CHARSET=utf8mb4 COLLATE=utf8mb4_0900_ai_ci;
/*!40101 SET character_set_client = @saved_cs_client */;

--
-- Dumping data for table `personal_centre`
--

LOCK TABLES `personal_centre` WRITE;
/*!40000 ALTER TABLE `personal_centre` DISABLE KEYS */;
INSERT INTO `personal_centre` VALUES (1,15),(1,24),(1,34),(1,40),(1,56),(1,65),(1,92),(1,97),(1,99),(1,107),(1,110),(1,112),(1,113),(1,115),(2,22),(2,29),(2,42),(2,45),(2,49),(2,51),(2,65),(2,68),(2,70),(2,71),(2,72),(2,87),(2,107),(2,130),(3,13),(3,23),(3,38),(3,41),(3,61),(3,68),(3,73),(3,75),(3,85),(3,89),(3,91),(3,106),(3,127),(3,128),(4,6),(4,28),(4,39),(4,49),(4,50),(4,53),(4,55),(4,59),(4,68),(4,87),(4,98),(4,129),(5,3),(5,7),(5,14),(5,21),(5,36),(5,71),(5,77),(5,78),(5,79),(5,80),(5,81),(5,92),(5,94),(5,95),(5,112),(5,114),(5,116),(5,119),(5,121),(5,125),(5,126),(6,8),(6,10),(6,17),(6,30),(6,32),(6,46),(6,47),(6,54),(6,58),(6,62),(6,69),(6,70),(6,74),(6,83),(6,85),(6,88),(6,91),(6,95),(6,96),(6,104),(6,117),(6,121),(6,124),(6,129),(7,3),(7,11),(7,38),(7,47),(7,51),(7,53),(7,54),(7,63),(7,81),(7,100),(7,102),(7,103),(7,109),(7,118),(7,127),(8,1),(8,2),(8,8),(8,14),(8,18),(8,25),(8,28),(8,33),(8,35),(8,48),(8,51),(8,55),(8,61),(8,64),(8,73),(8,81),(8,84),(8,86),(8,100),(8,101),(8,109),(8,111),(9,1),(9,4),(9,6),(9,10),(9,16),(9,24),(9,36),(9,44),(9,58),(9,62),(9,63),(9,64),(9,67),(9,70),(9,72),(9,76),(9,77),(9,78),(9,101),(9,107),(9,117),(9,121),(9,124),(10,4),(10,12),(10,18),(10,19),(10,27),(10,31),(10,33),(10,37),(10,41),(10,43),(10,52),(10,53),(10,61),(10,62),(10,71),(10,74),(10,77),(10,78),(10,79),(10,82),(10,93),(10,94),(10,108),(10,109),(10,129),(11,13),(11,17),(11,19),(11,20),(11,60),(11,75),(11,79),(11,80),(11,87),(11,91),(11,98),(11,101),(11,105),(11,108),(11,120),(11,123),(12,5),(12,42),(12,54),(12,57),(12,64),(12,65),(12,66),(12,84),(12,86),(12,90),(12,96),(12,103),(12,106),(12,108),(12,114),(12,115),(12,122),(13,9),(13,26),(13,43),(13,45),(13,55),(13,57),(13,100),(13,111),(13,114),(13,115);
/*!40000 ALTER TABLE `personal_centre` ENABLE KEYS */;
UNLOCK TABLES;

--
-- Table structure for table `shot`
--

DROP TABLE IF EXISTS `shot`;
/*!40101 SET @saved_cs_client     = @@character_set_client */;
/*!50503 SET character_set_client = utf8mb4 */;
CREATE TABLE `shot` (
  `id` int NOT NULL AUTO_INCREMENT,
  `dateAplication` datetime DEFAULT NULL,
  `centre_id` int DEFAULT NULL,
  `certificate_id` int DEFAULT NULL,
  `nurse_id` int DEFAULT NULL,
  `patient_id` int DEFAULT NULL,
  `vaccine_id` int DEFAULT NULL,
  PRIMARY KEY (`id`),
  KEY `FK3uvhcv4o3couwr71q8n7sobnd` (`centre_id`),
  KEY `FK9ii3ped8spqhqy4np8rg96xmq` (`certificate_id`),
  KEY `FKh04qwahk3inq6xfbkikaom9xb` (`nurse_id`),
  KEY `FK2is8d13190449um7u6g1p6t0p` (`patient_id`),
  KEY `FK1k1r5wkhr2omabpc91jji2p59` (`vaccine_id`),
  CONSTRAINT `FK1k1r5wkhr2omabpc91jji2p59` FOREIGN KEY (`vaccine_id`) REFERENCES `vaccine` (`id`),
  CONSTRAINT `FK2is8d13190449um7u6g1p6t0p` FOREIGN KEY (`patient_id`) REFERENCES `patient` (`id`),
  CONSTRAINT `FK3uvhcv4o3couwr71q8n7sobnd` FOREIGN KEY (`centre_id`) REFERENCES `centre` (`id`),
  CONSTRAINT `FK9ii3ped8spqhqy4np8rg96xmq` FOREIGN KEY (`certificate_id`) REFERENCES `shotcertificate` (`id`),
  CONSTRAINT `FKh04qwahk3inq6xfbkikaom9xb` FOREIGN KEY (`nurse_id`) REFERENCES `personal` (`id`)
) ENGINE=InnoDB AUTO_INCREMENT=635 DEFAULT CHARSET=utf8mb4 COLLATE=utf8mb4_0900_ai_ci;
/*!40101 SET character_set_client = @saved_cs_client */;

--
-- Dumping data for table `shot`
--

LOCK TABLES `shot` WRITE;
/*!40000 ALTER TABLE `shot` DISABLE KEYS */;
INSERT INTO `shot` VALUES (1,'2020-06-25 00:00:00',13,1,49,1,3),(2,'2021-01-03 00:00:00',12,2,36,2,2),(3,'2021-04-25 00:00:00',12,3,36,2,2),(4,'2021-07-31 00:00:00',12,4,36,2,5),(5,'2020-06-30 00:00:00',5,5,7,3,7),(6,'2020-09-20 00:00:00',5,6,7,3,7),(7,'2020-11-20 00:00:00',5,7,7,3,5),(8,'2020-07-18 00:00:00',10,8,46,4,8),(9,'2020-09-18 00:00:00',10,9,46,4,8),(10,'2020-06-13 00:00:00',7,10,3,5,7),(11,'2020-08-31 00:00:00',7,11,3,5,7),(12,'2020-11-14 00:00:00',12,12,37,6,1),(13,'2020-12-19 00:00:00',8,13,16,7,3),(14,'2021-02-28 00:00:00',8,14,16,7,3),(15,'2021-05-09 00:00:00',8,15,16,7,6),(16,'2020-06-04 00:00:00',7,16,7,8,3),(17,'2020-08-08 00:00:00',13,17,14,9,2),(18,'2020-12-29 00:00:00',13,18,6,10,8),(19,'2021-03-12 00:00:00',13,19,6,10,8),(20,'2021-05-12 00:00:00',13,20,6,10,8),(21,'2020-10-05 00:00:00',2,21,38,11,2),(22,'2020-12-22 00:00:00',2,22,38,11,2),(23,'2020-07-28 00:00:00',6,23,32,12,2),(24,'2020-06-02 00:00:00',12,24,47,13,8),(25,'2020-09-27 00:00:00',12,25,47,13,8),(26,'2020-12-15 00:00:00',12,26,47,13,7),(27,'2020-06-13 00:00:00',10,27,45,14,3),(28,'2020-09-23 00:00:00',10,28,45,14,3),(29,'2020-10-18 00:00:00',5,29,4,15,6),(30,'2021-01-29 00:00:00',5,30,4,15,6),(31,'2021-05-22 00:00:00',5,31,4,15,6),(32,'2020-05-21 00:00:00',13,32,35,16,7),(33,'2020-07-20 00:00:00',11,33,32,17,3),(34,'2020-09-25 00:00:00',11,34,32,17,3),(35,'2020-08-10 00:00:00',2,35,22,18,1),(36,'2020-11-04 00:00:00',2,36,22,18,1),(37,'2021-01-03 00:00:00',5,37,8,19,6),(38,'2020-09-13 00:00:00',2,38,10,20,3),(39,'2020-04-28 00:00:00',10,39,13,21,8),(40,'2020-08-25 00:00:00',10,40,13,21,8),(41,'2020-08-22 00:00:00',8,41,36,22,6),(42,'2020-10-23 00:00:00',8,42,36,22,6),(43,'2021-01-24 00:00:00',8,43,36,22,3),(44,'2020-07-02 00:00:00',5,44,34,23,8),(45,'2020-08-05 00:00:00',6,45,30,24,3),(46,'2020-09-22 00:00:00',2,46,9,25,3),(47,'2020-12-23 00:00:00',2,47,9,25,3),(48,'2020-07-29 00:00:00',1,48,15,26,6),(49,'2020-10-10 00:00:00',1,49,15,26,6),(50,'2020-07-18 00:00:00',2,50,23,27,5),(51,'2020-12-27 00:00:00',3,51,7,28,6),(52,'2021-04-21 00:00:00',3,52,7,28,6),(53,'2020-12-02 00:00:00',1,53,39,29,1),(54,'2021-03-04 00:00:00',1,54,39,29,1),(55,'2021-05-30 00:00:00',1,55,39,29,5),(56,'2020-12-06 00:00:00',2,56,15,30,2),(57,'2020-06-20 00:00:00',5,57,41,31,7),(58,'2020-09-27 00:00:00',5,58,41,31,7),(59,'2020-06-06 00:00:00',3,59,13,32,3),(60,'2020-08-13 00:00:00',3,60,13,32,3),(61,'2020-04-21 00:00:00',6,61,2,33,6),(62,'2020-07-30 00:00:00',7,62,45,34,2),(63,'2020-09-16 00:00:00',6,63,3,35,7),(64,'2020-09-07 00:00:00',12,64,2,36,8),(65,'2020-11-08 00:00:00',12,65,2,36,8),(66,'2020-10-18 00:00:00',11,66,18,37,2),(67,'2021-01-23 00:00:00',11,67,18,37,2),(68,'2021-05-07 00:00:00',11,68,18,37,3),(69,'2020-07-15 00:00:00',3,69,49,38,6),(70,'2020-10-18 00:00:00',3,70,49,38,6),(71,'2020-12-27 00:00:00',3,71,49,38,3),(72,'2020-05-07 00:00:00',7,72,16,39,3),(73,'2020-12-06 00:00:00',5,73,39,40,7),(74,'2021-02-13 00:00:00',5,74,39,40,7),(75,'2020-09-19 00:00:00',2,75,7,41,7),(76,'2020-11-25 00:00:00',2,76,7,41,7),(77,'2020-04-29 00:00:00',8,77,35,42,5),(78,'2020-11-07 00:00:00',10,78,28,43,3),(79,'2021-01-09 00:00:00',9,79,23,44,3),(80,'2020-08-31 00:00:00',1,80,8,45,7),(81,'2020-09-19 00:00:00',10,81,6,46,2),(82,'2020-12-16 00:00:00',10,82,6,46,2),(83,'2020-04-05 00:00:00',3,83,2,47,2),(84,'2020-07-26 00:00:00',3,84,2,47,2),(85,'2020-10-02 00:00:00',3,85,2,47,8),(86,'2020-06-12 00:00:00',12,86,16,48,8),(87,'2020-09-28 00:00:00',10,87,21,49,8),(88,'2020-12-22 00:00:00',10,88,21,49,8),(89,'2020-06-09 00:00:00',1,89,33,50,7),(90,'2020-07-24 00:00:00',11,90,13,51,2),(91,'2020-04-14 00:00:00',11,91,15,52,3),(92,'2020-08-27 00:00:00',1,92,39,53,2),(93,'2020-12-11 00:00:00',1,93,39,53,2),(94,'2021-03-31 00:00:00',1,94,39,53,6),(95,'2020-04-04 00:00:00',5,95,34,54,8),(96,'2020-06-26 00:00:00',5,96,34,54,8),(97,'2020-10-03 00:00:00',5,97,34,54,7),(98,'2020-07-16 00:00:00',5,98,5,55,2),(99,'2020-07-07 00:00:00',10,99,23,56,5),(100,'2020-10-07 00:00:00',10,100,23,56,5),(101,'2020-12-07 00:00:00',10,101,23,56,1),(102,'2020-12-28 00:00:00',6,102,8,57,7),(103,'2021-04-18 00:00:00',6,103,8,57,7),(104,'2021-08-13 00:00:00',6,104,8,57,2),(105,'2020-06-26 00:00:00',7,105,19,58,6),(106,'2020-09-10 00:00:00',7,106,19,58,6),(107,'2020-12-03 00:00:00',7,107,19,58,3),(108,'2020-05-23 00:00:00',10,108,17,59,7),(109,'2020-08-28 00:00:00',10,109,17,59,7),(110,'2020-04-13 00:00:00',12,110,36,60,1),(111,'2020-11-14 00:00:00',5,111,38,61,2),(112,'2020-08-30 00:00:00',3,112,14,62,8),(113,'2020-12-28 00:00:00',3,113,14,62,8),(114,'2021-04-09 00:00:00',3,114,14,62,8),(115,'2020-09-11 00:00:00',11,115,21,63,8),(116,'2021-01-06 00:00:00',9,116,40,64,8),(117,'2021-03-08 00:00:00',9,117,40,64,8),(118,'2020-12-31 00:00:00',10,118,29,65,5),(119,'2020-05-18 00:00:00',6,119,21,66,1),(120,'2020-08-28 00:00:00',6,120,21,66,1),(121,'2020-10-07 00:00:00',3,121,27,67,2),(122,'2020-12-10 00:00:00',3,122,27,67,2),(123,'2020-08-31 00:00:00',11,123,26,68,2),(124,'2021-01-09 00:00:00',11,124,50,69,8),(125,'2021-03-28 00:00:00',11,125,50,69,8),(126,'2021-07-13 00:00:00',11,126,50,69,8),(127,'2020-04-08 00:00:00',12,127,19,70,8),(128,'2020-07-17 00:00:00',12,128,19,70,8),(129,'2020-09-23 00:00:00',12,129,19,70,8),(130,'2020-11-09 00:00:00',2,130,44,71,2),(131,'2021-01-28 00:00:00',2,131,44,71,2),(132,'2020-07-17 00:00:00',8,132,45,72,3),(133,'2020-10-19 00:00:00',8,133,45,72,3),(134,'2020-04-16 00:00:00',10,134,18,73,2),(135,'2020-08-08 00:00:00',3,135,29,74,8),(136,'2020-07-25 00:00:00',12,136,47,75,3),(137,'2020-10-29 00:00:00',12,137,47,75,3),(138,'2021-02-06 00:00:00',12,138,47,75,6),(139,'2020-06-22 00:00:00',11,139,32,76,6),(140,'2020-10-04 00:00:00',11,140,32,76,6),(141,'2021-01-04 00:00:00',11,141,32,76,3),(142,'2020-10-05 00:00:00',9,142,15,77,8),(143,'2021-01-09 00:00:00',9,143,15,77,8),(144,'2021-01-04 00:00:00',7,144,27,78,1),(145,'2021-04-08 00:00:00',7,145,27,78,1),(146,'2021-07-29 00:00:00',7,146,27,78,5),(147,'2020-07-20 00:00:00',8,147,24,79,7),(148,'2020-10-07 00:00:00',8,148,24,79,7),(149,'2020-10-16 00:00:00',11,149,50,80,8),(150,'2021-01-26 00:00:00',11,150,50,80,8),(151,'2021-03-28 00:00:00',11,151,50,80,8),(152,'2020-08-09 00:00:00',13,152,7,81,3),(153,'2020-11-03 00:00:00',13,153,7,81,3),(154,'2020-12-16 00:00:00',8,154,28,82,7),(155,'2020-12-27 00:00:00',4,155,14,83,6),(156,'2021-03-19 00:00:00',4,156,14,83,6),(157,'2020-07-07 00:00:00',10,157,9,84,7),(158,'2020-12-09 00:00:00',10,158,39,85,8),(159,'2021-03-25 00:00:00',10,159,39,85,8),(160,'2020-06-20 00:00:00',11,160,26,86,3),(161,'2020-12-02 00:00:00',8,161,2,87,5),(162,'2020-06-17 00:00:00',9,162,38,88,7),(163,'2020-11-10 00:00:00',9,163,12,89,7),(164,'2021-02-09 00:00:00',9,164,12,89,7),(165,'2021-04-16 00:00:00',9,165,12,89,5),(166,'2020-06-10 00:00:00',13,166,45,90,1),(167,'2020-09-11 00:00:00',13,167,45,90,1),(168,'2021-01-05 00:00:00',13,168,45,90,2),(169,'2020-05-12 00:00:00',12,169,40,91,2),(170,'2020-07-12 00:00:00',12,170,40,91,2),(171,'2020-05-10 00:00:00',8,171,42,92,2),(172,'2020-06-02 00:00:00',13,172,27,93,1),(173,'2020-09-11 00:00:00',13,173,27,93,1),(174,'2020-07-15 00:00:00',9,174,44,94,7),(175,'2020-11-05 00:00:00',9,175,44,94,7),(176,'2021-02-11 00:00:00',9,176,44,94,6),(177,'2020-12-19 00:00:00',13,177,32,95,5),(178,'2021-03-16 00:00:00',13,178,32,95,5),(179,'2021-06-30 00:00:00',13,179,32,95,1),(180,'2020-10-02 00:00:00',9,180,10,96,3),(181,'2020-12-08 00:00:00',9,181,10,96,3),(182,'2020-08-24 00:00:00',7,182,23,97,3),(183,'2020-10-24 00:00:00',7,183,23,97,3),(184,'2020-12-28 00:00:00',11,184,13,98,6),(185,'2021-04-14 00:00:00',11,185,13,98,6),(186,'2021-07-11 00:00:00',11,186,13,98,3),(187,'2021-01-10 00:00:00',9,187,43,99,6),(188,'2021-04-08 00:00:00',9,188,43,99,6),(189,'2021-06-16 00:00:00',9,189,43,99,3),(190,'2020-08-13 00:00:00',4,190,8,100,7),(191,'2020-10-13 00:00:00',4,191,8,100,7),(192,'2020-12-25 00:00:00',4,192,8,100,5),(193,'2020-10-30 00:00:00',12,193,20,101,8),(194,'2021-01-23 00:00:00',12,194,20,101,8),(195,'2020-08-22 00:00:00',2,195,23,102,6),(196,'2020-11-24 00:00:00',2,196,23,102,6),(197,'2021-03-04 00:00:00',2,197,23,102,6),(198,'2020-04-05 00:00:00',1,198,2,103,2),(199,'2020-07-10 00:00:00',1,199,2,103,2),(200,'2020-09-26 00:00:00',1,200,2,103,6),(201,'2020-11-01 00:00:00',6,201,1,104,2),(202,'2020-05-07 00:00:00',5,202,30,105,6),(203,'2020-08-04 00:00:00',5,203,30,105,6),(204,'2020-11-13 00:00:00',5,204,30,105,3),(205,'2020-04-12 00:00:00',3,205,15,106,7),(206,'2020-07-28 00:00:00',3,206,15,106,7),(207,'2020-10-08 00:00:00',3,207,15,106,6),(208,'2020-06-22 00:00:00',2,208,13,107,3),(209,'2020-08-26 00:00:00',2,209,13,107,3),(210,'2020-10-31 00:00:00',2,210,13,107,7),(211,'2020-12-31 00:00:00',8,211,5,108,2),(212,'2020-10-31 00:00:00',9,212,46,109,7),(213,'2021-02-12 00:00:00',9,213,46,109,7),(214,'2021-04-14 00:00:00',9,214,46,109,5),(215,'2020-05-10 00:00:00',2,215,10,110,3),(216,'2020-07-15 00:00:00',2,216,10,110,3),(217,'2020-11-04 00:00:00',2,217,10,110,7),(218,'2020-12-07 00:00:00',2,218,43,111,3),(219,'2021-02-18 00:00:00',2,219,43,111,3),(220,'2021-05-08 00:00:00',2,220,43,111,7),(221,'2020-05-02 00:00:00',13,221,42,112,7),(222,'2020-07-12 00:00:00',13,222,42,112,7),(223,'2020-11-23 00:00:00',6,223,26,113,1),(224,'2021-03-20 00:00:00',6,224,26,113,1),(225,'2021-07-04 00:00:00',6,225,26,113,5),(226,'2020-07-04 00:00:00',4,226,29,114,7),(227,'2020-04-15 00:00:00',10,227,40,115,5),(228,'2020-07-07 00:00:00',10,228,40,115,5),(229,'2020-09-07 00:00:00',10,229,40,115,5),(230,'2020-12-29 00:00:00',6,230,8,116,6),(231,'2020-05-28 00:00:00',2,231,3,117,6),(232,'2020-09-04 00:00:00',11,232,41,118,2),(233,'2020-12-11 00:00:00',2,233,13,119,2),(234,'2021-04-07 00:00:00',2,234,13,119,2),(235,'2020-09-07 00:00:00',6,235,46,120,8),(236,'2020-09-20 00:00:00',5,236,19,121,6),(237,'2020-12-17 00:00:00',5,237,19,121,6),(238,'2020-07-17 00:00:00',10,238,26,122,7),(239,'2020-10-20 00:00:00',10,239,26,122,7),(240,'2020-08-31 00:00:00',1,240,43,123,1),(241,'2020-11-08 00:00:00',7,241,37,124,7),(242,'2020-06-28 00:00:00',2,242,41,125,1),(243,'2020-09-14 00:00:00',2,243,41,125,1),(244,'2020-11-01 00:00:00',6,244,21,126,5),(245,'2020-11-12 00:00:00',5,245,5,127,6),(246,'2021-02-20 00:00:00',5,246,5,127,6),(247,'2021-05-25 00:00:00',5,247,5,127,3),(248,'2020-06-07 00:00:00',1,248,22,128,6),(249,'2020-08-25 00:00:00',1,249,22,128,6),(250,'2020-12-05 00:00:00',1,250,22,128,3),(251,'2020-12-27 00:00:00',3,251,31,129,1),(252,'2020-10-31 00:00:00',2,252,29,130,7),(253,'2020-09-06 00:00:00',1,253,31,131,7),(254,'2020-08-19 00:00:00',13,254,14,132,8),(255,'2020-12-17 00:00:00',13,255,14,132,8),(256,'2020-04-22 00:00:00',11,256,32,133,8),(257,'2020-07-28 00:00:00',11,257,32,133,8),(258,'2020-10-13 00:00:00',11,258,32,133,7),(259,'2020-10-21 00:00:00',10,259,7,134,6),(260,'2021-01-13 00:00:00',10,260,7,134,6),(261,'2021-01-07 00:00:00',10,261,35,135,5),(262,'2021-03-26 00:00:00',10,262,35,135,5),(263,'2021-06-30 00:00:00',10,263,35,135,1),(264,'2020-06-20 00:00:00',1,264,31,136,2),(265,'2020-08-30 00:00:00',1,265,31,136,2),(266,'2020-10-31 00:00:00',1,266,31,136,6),(267,'2020-07-07 00:00:00',9,267,11,137,3),(268,'2020-10-17 00:00:00',9,268,11,137,3),(269,'2020-12-06 00:00:00',6,269,19,138,7),(270,'2020-05-24 00:00:00',2,270,31,139,7),(271,'2020-09-12 00:00:00',2,271,31,139,7),(272,'2020-09-30 00:00:00',12,272,28,140,1),(273,'2020-12-22 00:00:00',12,273,28,140,1),(274,'2020-07-05 00:00:00',6,274,2,141,3),(275,'2020-10-14 00:00:00',2,275,18,142,6),(276,'2020-08-09 00:00:00',8,276,3,143,3),(277,'2020-10-27 00:00:00',8,277,3,143,3),(278,'2021-02-01 00:00:00',8,278,3,143,1),(279,'2020-07-29 00:00:00',7,279,21,144,6),(280,'2020-11-10 00:00:00',7,280,21,144,6),(281,'2021-01-13 00:00:00',7,281,21,144,3),(282,'2020-09-01 00:00:00',12,282,36,145,5),(283,'2020-12-19 00:00:00',12,283,36,145,5),(284,'2021-04-11 00:00:00',12,284,36,145,5),(285,'2020-10-19 00:00:00',9,285,44,146,7),(286,'2020-12-20 00:00:00',9,286,44,146,7),(287,'2021-03-08 00:00:00',9,287,44,146,2),(288,'2020-10-01 00:00:00',13,288,34,147,6),(289,'2021-01-18 00:00:00',13,289,34,147,6),(290,'2021-04-14 00:00:00',13,290,34,147,6),(291,'2020-10-03 00:00:00',1,291,17,148,8),(292,'2021-01-17 00:00:00',1,292,17,148,8),(293,'2021-04-13 00:00:00',1,293,17,148,8),(294,'2020-07-31 00:00:00',6,294,50,149,1),(295,'2020-11-08 00:00:00',6,295,50,149,1),(296,'2020-06-01 00:00:00',11,296,44,150,6),(297,'2020-08-01 00:00:00',11,297,44,150,6),(298,'2020-11-12 00:00:00',11,298,44,150,3),(299,'2020-05-29 00:00:00',3,299,44,151,6),(300,'2020-08-18 00:00:00',3,300,44,151,6),(301,'2020-10-31 00:00:00',4,301,12,152,3),(302,'2021-02-23 00:00:00',4,302,12,152,3),(303,'2021-06-19 00:00:00',4,303,12,152,6),(304,'2020-09-28 00:00:00',9,304,5,153,8),(305,'2020-05-05 00:00:00',2,305,3,154,2),(306,'2020-08-30 00:00:00',2,306,3,154,2),(307,'2020-12-24 00:00:00',2,307,3,154,7),(308,'2020-06-30 00:00:00',7,308,36,155,3),(309,'2020-10-26 00:00:00',7,309,36,155,3),(310,'2020-12-31 00:00:00',7,310,36,155,6),(311,'2020-05-15 00:00:00',10,311,8,156,6),(312,'2020-11-03 00:00:00',4,312,8,157,8),(313,'2020-07-22 00:00:00',9,313,18,158,5),(314,'2020-11-02 00:00:00',9,314,18,158,5),(315,'2020-04-26 00:00:00',8,315,16,159,1),(316,'2020-07-11 00:00:00',8,316,16,159,1),(317,'2020-04-15 00:00:00',6,317,8,160,8),(318,'2020-08-09 00:00:00',6,318,8,160,8),(319,'2020-06-03 00:00:00',2,319,37,161,3),(320,'2020-08-24 00:00:00',2,320,37,161,3),(321,'2020-11-16 00:00:00',2,321,37,161,6),(322,'2020-11-19 00:00:00',9,322,6,162,3),(323,'2020-06-25 00:00:00',2,323,43,163,5),(324,'2020-09-10 00:00:00',2,324,43,163,5),(325,'2020-06-07 00:00:00',6,325,11,164,6),(326,'2020-09-13 00:00:00',6,326,11,164,6),(327,'2020-12-16 00:00:00',6,327,11,164,3),(328,'2020-11-11 00:00:00',9,328,13,165,5),(329,'2021-03-06 00:00:00',9,329,13,165,5),(330,'2021-06-02 00:00:00',9,330,13,165,5),(331,'2020-09-20 00:00:00',10,331,37,166,8),(332,'2020-10-07 00:00:00',1,332,35,167,7),(333,'2020-05-23 00:00:00',6,333,30,168,8),(334,'2020-09-18 00:00:00',6,334,30,168,8),(335,'2020-10-07 00:00:00',7,335,49,169,5),(336,'2020-12-28 00:00:00',7,336,49,169,5),(337,'2020-12-31 00:00:00',8,337,16,170,3),(338,'2021-03-02 00:00:00',8,338,16,170,3),(339,'2020-12-08 00:00:00',2,339,49,171,3),(340,'2021-03-30 00:00:00',2,340,49,171,3),(341,'2020-08-22 00:00:00',5,341,45,172,2),(342,'2020-11-30 00:00:00',5,342,45,172,2),(343,'2021-02-15 00:00:00',5,343,45,172,6),(344,'2020-11-25 00:00:00',2,344,27,173,2),(345,'2021-03-16 00:00:00',2,345,27,173,2),(346,'2021-05-21 00:00:00',2,346,27,173,6),(347,'2020-06-06 00:00:00',8,347,36,174,5),(348,'2020-09-11 00:00:00',8,348,36,174,5),(349,'2020-12-24 00:00:00',8,349,36,174,1),(350,'2020-10-08 00:00:00',12,350,47,175,1),(351,'2020-12-18 00:00:00',12,351,47,175,1),(352,'2020-10-20 00:00:00',6,352,47,176,7),(353,'2021-01-20 00:00:00',6,353,47,176,7),(354,'2020-06-30 00:00:00',1,354,30,177,5),(355,'2021-01-07 00:00:00',13,355,15,178,3),(356,'2021-04-13 00:00:00',13,356,15,178,3),(357,'2021-07-27 00:00:00',13,357,15,178,6),(358,'2020-06-28 00:00:00',3,358,19,179,3),(359,'2020-09-28 00:00:00',3,359,19,179,3),(360,'2021-01-16 00:00:00',3,360,19,179,1),(361,'2020-05-31 00:00:00',5,361,33,180,6),(362,'2020-04-16 00:00:00',9,362,2,181,6),(363,'2020-07-30 00:00:00',9,363,2,181,6),(364,'2020-10-06 00:00:00',9,364,2,181,6),(365,'2020-07-08 00:00:00',1,365,19,182,7),(366,'2020-09-11 00:00:00',1,366,19,182,7),(367,'2020-11-18 00:00:00',1,367,19,182,6),(368,'2020-12-27 00:00:00',4,368,28,183,6),(369,'2021-04-25 00:00:00',4,369,28,183,6),(370,'2020-05-02 00:00:00',5,370,15,184,7),(371,'2020-04-16 00:00:00',10,371,10,185,7),(372,'2020-06-21 00:00:00',10,372,10,185,7),(373,'2020-09-25 00:00:00',10,373,10,185,5),(374,'2020-09-12 00:00:00',2,374,37,186,7),(375,'2020-11-17 00:00:00',2,375,37,186,7),(376,'2021-02-04 00:00:00',2,376,37,186,5),(377,'2020-04-28 00:00:00',3,377,20,187,2),(378,'2020-08-15 00:00:00',3,378,20,187,2),(379,'2020-12-28 00:00:00',7,379,6,188,5),(380,'2021-03-24 00:00:00',7,380,6,188,5),(381,'2020-05-27 00:00:00',2,381,41,189,6),(382,'2020-09-15 00:00:00',2,382,41,189,6),(383,'2020-06-14 00:00:00',8,383,27,190,8),(384,'2020-08-14 00:00:00',8,384,27,190,8),(385,'2020-10-29 00:00:00',8,385,27,190,8),(386,'2020-05-10 00:00:00',3,386,25,191,8),(387,'2020-08-10 00:00:00',3,387,25,191,8),(388,'2020-10-15 00:00:00',3,388,25,191,8),(389,'2020-07-02 00:00:00',13,389,17,192,2),(390,'2020-10-09 00:00:00',13,390,17,192,2),(391,'2020-07-13 00:00:00',9,391,9,193,7),(392,'2020-10-07 00:00:00',9,392,9,193,7),(393,'2021-01-16 00:00:00',9,393,9,193,5),(394,'2020-12-25 00:00:00',12,394,35,194,7),(395,'2021-02-24 00:00:00',12,395,35,194,7),(396,'2020-06-20 00:00:00',3,396,27,195,2),(397,'2020-11-11 00:00:00',7,397,47,196,1),(398,'2021-02-23 00:00:00',7,398,47,196,1),(399,'2020-05-22 00:00:00',13,399,41,197,6),(400,'2020-08-01 00:00:00',13,400,41,197,6),(401,'2020-04-18 00:00:00',6,401,40,198,2),(402,'2020-08-15 00:00:00',6,402,40,198,2),(403,'2020-05-14 00:00:00',4,403,1,199,7),(404,'2020-08-04 00:00:00',4,404,1,199,7),(405,'2020-10-10 00:00:00',4,405,1,199,2),(406,'2020-07-26 00:00:00',2,406,33,200,8),(407,'2020-09-30 00:00:00',2,407,33,200,8),(408,'2020-06-14 00:00:00',10,408,42,201,5),(409,'2020-09-09 00:00:00',10,409,42,201,5),(410,'2020-07-08 00:00:00',3,410,43,202,2),(411,'2020-11-13 00:00:00',5,411,3,203,5),(412,'2020-09-09 00:00:00',7,412,17,204,3),(413,'2020-11-26 00:00:00',7,413,17,204,3),(414,'2020-11-08 00:00:00',10,414,21,205,2),(415,'2021-02-10 00:00:00',10,415,21,205,2),(416,'2020-12-30 00:00:00',2,416,30,206,3),(417,'2020-05-18 00:00:00',9,417,42,207,1),(418,'2020-05-13 00:00:00',2,418,43,208,7),(419,'2020-07-24 00:00:00',2,419,43,208,7),(420,'2020-10-05 00:00:00',2,420,43,208,5),(421,'2020-09-14 00:00:00',7,421,3,209,8),(422,'2020-08-24 00:00:00',13,422,10,210,5),(423,'2020-12-07 00:00:00',13,423,10,210,5),(424,'2021-03-21 00:00:00',13,424,10,210,5),(425,'2020-06-10 00:00:00',11,425,36,211,8),(426,'2020-09-21 00:00:00',11,426,36,211,8),(427,'2020-09-09 00:00:00',9,427,31,212,5),(428,'2020-12-23 00:00:00',9,428,31,212,5),(429,'2020-09-13 00:00:00',10,429,19,213,2),(430,'2020-12-28 00:00:00',9,430,6,214,1),(431,'2021-03-07 00:00:00',9,431,6,214,1),(432,'2020-04-29 00:00:00',6,432,26,215,3),(433,'2020-08-29 00:00:00',9,433,26,216,3),(434,'2020-11-21 00:00:00',9,434,26,216,3),(435,'2020-09-24 00:00:00',7,435,40,217,8),(436,'2020-12-09 00:00:00',5,436,9,218,2),(437,'2020-05-14 00:00:00',13,437,24,219,5),(438,'2020-10-13 00:00:00',13,438,34,220,3),(439,'2021-01-25 00:00:00',13,439,34,220,3),(440,'2020-09-13 00:00:00',3,440,25,221,7),(441,'2020-11-13 00:00:00',3,441,25,221,7),(442,'2021-03-13 00:00:00',3,442,25,221,6),(443,'2020-11-14 00:00:00',13,443,5,222,8),(444,'2020-11-03 00:00:00',1,444,22,223,7),(445,'2021-01-22 00:00:00',1,445,22,223,7),(446,'2021-04-18 00:00:00',1,446,22,223,6),(447,'2020-08-01 00:00:00',8,447,4,224,8),(448,'2020-10-22 00:00:00',8,448,4,224,8),(449,'2020-05-03 00:00:00',10,449,17,225,2),(450,'2020-08-31 00:00:00',10,450,17,225,2),(451,'2020-06-18 00:00:00',7,451,19,226,8),(452,'2020-09-20 00:00:00',6,452,28,227,7),(453,'2021-01-16 00:00:00',6,453,28,227,7),(454,'2021-05-16 00:00:00',6,454,28,227,2),(455,'2021-01-05 00:00:00',3,455,26,228,7),(456,'2020-09-15 00:00:00',6,456,46,229,3),(457,'2020-12-14 00:00:00',6,457,46,229,3),(458,'2021-02-24 00:00:00',6,458,46,229,1),(459,'2020-06-08 00:00:00',3,459,5,230,1),(460,'2020-09-21 00:00:00',3,460,5,230,1),(461,'2020-12-25 00:00:00',3,461,5,230,5),(462,'2020-09-03 00:00:00',1,462,20,231,3),(463,'2020-12-26 00:00:00',1,463,20,231,3),(464,'2020-08-20 00:00:00',2,464,36,232,7),(465,'2020-12-03 00:00:00',2,465,36,232,7),(466,'2020-06-16 00:00:00',1,466,25,233,6),(467,'2020-08-16 00:00:00',1,467,25,233,6),(468,'2020-11-09 00:00:00',2,468,46,234,7),(469,'2021-01-23 00:00:00',2,469,46,234,7),(470,'2020-08-30 00:00:00',13,470,5,235,1),(471,'2020-08-18 00:00:00',1,471,32,236,2),(472,'2020-12-06 00:00:00',1,472,32,236,2),(473,'2020-11-20 00:00:00',11,473,16,237,7),(474,'2021-02-23 00:00:00',11,474,16,237,7),(475,'2021-06-15 00:00:00',11,475,16,237,6),(476,'2020-11-27 00:00:00',9,476,28,238,8),(477,'2021-03-25 00:00:00',9,477,28,238,8),(478,'2020-07-15 00:00:00',3,478,9,239,7),(479,'2020-10-24 00:00:00',3,479,9,239,7),(480,'2020-10-06 00:00:00',2,480,34,240,2),(481,'2020-07-25 00:00:00',12,481,38,241,8),(482,'2020-10-22 00:00:00',6,482,6,242,7),(483,'2021-02-03 00:00:00',6,483,6,242,7),(484,'2021-04-27 00:00:00',6,484,6,242,5),(485,'2020-06-15 00:00:00',5,485,25,243,5),(486,'2020-08-20 00:00:00',5,486,25,243,5),(487,'2020-09-22 00:00:00',13,487,33,244,7),(488,'2020-11-24 00:00:00',13,488,33,244,7),(489,'2021-02-07 00:00:00',13,489,33,244,5),(490,'2020-07-09 00:00:00',1,490,38,245,8),(491,'2020-04-17 00:00:00',3,491,1,246,7),(492,'2020-07-08 00:00:00',3,492,1,246,7),(493,'2020-10-02 00:00:00',3,493,1,246,5),(494,'2020-07-10 00:00:00',10,494,8,247,2),(495,'2020-10-04 00:00:00',10,495,8,247,2),(496,'2020-04-12 00:00:00',4,496,33,248,5),(497,'2020-08-28 00:00:00',2,497,27,249,3),(498,'2020-09-17 00:00:00',3,498,3,250,3),(499,'2020-12-03 00:00:00',3,499,3,250,3),(500,'2020-09-22 00:00:00',4,500,10,251,5),(501,'2020-12-26 00:00:00',2,501,50,252,2),(502,'2021-03-21 00:00:00',2,502,50,252,2),(503,'2020-08-28 00:00:00',8,503,43,253,2),(504,'2020-12-14 00:00:00',8,504,43,253,2),(505,'2021-02-15 00:00:00',8,505,43,253,1),(506,'2020-07-26 00:00:00',2,506,37,254,1),(507,'2020-11-09 00:00:00',2,507,37,254,1),(508,'2020-09-18 00:00:00',3,508,42,255,1),(509,'2020-12-27 00:00:00',3,509,42,255,1),(510,'2021-04-02 00:00:00',3,510,42,255,6),(511,'2020-04-29 00:00:00',1,511,28,256,5),(512,'2021-01-08 00:00:00',13,512,20,257,3),(513,'2021-05-02 00:00:00',13,513,20,257,3),(514,'2021-08-10 00:00:00',13,514,20,257,7),(515,'2020-10-29 00:00:00',13,515,47,258,8),(516,'2020-12-10 00:00:00',1,516,31,259,8),(517,'2021-03-30 00:00:00',1,517,31,259,8),(518,'2021-07-01 00:00:00',1,518,31,259,7),(519,'2020-08-13 00:00:00',9,519,37,260,3),(520,'2020-08-05 00:00:00',9,520,40,261,8),(521,'2020-11-23 00:00:00',9,521,40,261,8),(522,'2020-10-06 00:00:00',4,522,8,262,8),(523,'2020-12-23 00:00:00',4,523,8,262,8),(524,'2021-03-30 00:00:00',4,524,8,262,8),(525,'2020-04-08 00:00:00',12,525,8,263,3),(526,'2020-06-28 00:00:00',12,526,8,263,3),(527,'2020-10-03 00:00:00',1,527,18,264,7),(528,'2020-09-28 00:00:00',5,528,6,265,5),(529,'2020-04-18 00:00:00',2,529,27,266,1),(530,'2020-04-03 00:00:00',6,530,13,267,1),(531,'2020-10-05 00:00:00',6,531,50,268,3),(532,'2020-12-16 00:00:00',4,532,42,269,8),(533,'2020-05-27 00:00:00',7,533,18,270,3),(534,'2020-09-11 00:00:00',7,534,18,270,3),(535,'2021-01-08 00:00:00',7,535,18,270,6),(536,'2020-08-28 00:00:00',3,536,36,271,3),(537,'2020-07-17 00:00:00',11,537,31,272,3),(538,'2020-10-08 00:00:00',11,538,50,273,5),(539,'2021-02-05 00:00:00',11,539,50,273,5),(540,'2021-04-30 00:00:00',11,540,50,273,5),(541,'2020-12-10 00:00:00',11,541,3,274,8),(542,'2021-03-22 00:00:00',11,542,3,274,8),(543,'2021-07-07 00:00:00',11,543,3,274,7),(544,'2020-11-17 00:00:00',9,544,8,275,7),(545,'2021-02-19 00:00:00',9,545,8,275,7),(546,'2020-06-19 00:00:00',10,546,29,276,7),(547,'2020-10-05 00:00:00',10,547,29,276,7),(548,'2020-05-06 00:00:00',13,548,24,277,3),(549,'2020-07-13 00:00:00',13,549,24,277,3),(550,'2020-09-27 00:00:00',13,550,24,277,8),(551,'2020-06-24 00:00:00',13,551,8,278,3),(552,'2020-07-17 00:00:00',10,552,29,279,5),(553,'2020-10-13 00:00:00',10,553,29,279,5),(554,'2020-06-26 00:00:00',12,554,3,280,6),(555,'2020-09-11 00:00:00',12,555,3,280,6),(556,'2020-09-29 00:00:00',13,556,30,281,7),(557,'2020-07-19 00:00:00',7,557,19,282,5),(558,'2020-10-06 00:00:00',7,558,19,282,5),(559,'2021-01-15 00:00:00',7,559,19,282,5),(560,'2020-08-29 00:00:00',1,560,1,283,2),(561,'2020-11-21 00:00:00',1,561,1,283,2),(562,'2021-02-24 00:00:00',1,562,1,283,6),(563,'2020-08-04 00:00:00',5,563,13,284,2),(564,'2020-10-10 00:00:00',6,564,37,285,3),(565,'2021-01-31 00:00:00',6,565,37,285,3),(566,'2020-12-14 00:00:00',12,566,32,286,8),(567,'2021-04-04 00:00:00',12,567,32,286,8),(568,'2020-07-22 00:00:00',5,568,13,287,5),(569,'2020-10-29 00:00:00',5,569,13,287,5),(570,'2020-04-12 00:00:00',6,570,7,288,1),(571,'2020-07-29 00:00:00',6,571,7,288,1),(572,'2020-10-06 00:00:00',6,572,7,288,7),(573,'2020-04-11 00:00:00',13,573,45,289,3),(574,'2020-07-01 00:00:00',13,574,45,289,3),(575,'2020-10-26 00:00:00',13,575,45,289,7),(576,'2020-10-11 00:00:00',10,576,44,290,3),(577,'2020-06-22 00:00:00',6,577,18,291,3),(578,'2020-09-12 00:00:00',6,578,18,291,3),(579,'2020-06-22 00:00:00',6,579,21,292,1),(580,'2020-05-24 00:00:00',10,580,29,293,1),(581,'2020-12-23 00:00:00',2,581,20,294,3),(582,'2021-03-18 00:00:00',2,582,20,294,3),(583,'2021-06-15 00:00:00',2,583,20,294,6),(584,'2020-06-13 00:00:00',4,584,14,295,2),(585,'2020-09-25 00:00:00',4,585,14,295,2),(586,'2021-01-07 00:00:00',4,586,14,295,3),(587,'2021-01-08 00:00:00',13,587,19,296,8),(588,'2021-04-20 00:00:00',13,588,19,296,8),(589,'2020-05-24 00:00:00',2,589,39,297,5),(590,'2020-07-28 00:00:00',2,590,39,297,5),(591,'2020-08-28 00:00:00',11,591,10,298,8),(592,'2020-05-31 00:00:00',11,592,42,299,6),(593,'2020-05-31 00:00:00',6,593,42,300,2),(594,'2020-08-12 00:00:00',6,594,42,300,2),(595,'2020-11-16 00:00:00',5,595,40,301,7),(596,'2020-08-01 00:00:00',2,596,6,302,3),(597,'2020-11-19 00:00:00',5,597,8,303,3),(598,'2021-02-03 00:00:00',5,598,8,303,3),(599,'2020-05-22 00:00:00',8,599,45,304,7),(600,'2020-06-06 00:00:00',13,600,38,305,3),(601,'2020-09-02 00:00:00',13,601,38,305,3),(602,'2020-06-09 00:00:00',4,602,4,306,2),(603,'2020-08-19 00:00:00',4,603,4,306,2),(604,'2020-04-03 00:00:00',8,604,2,307,8),(605,'2020-06-25 00:00:00',8,605,2,307,8),(606,'2020-09-14 00:00:00',8,606,2,307,7),(607,'2020-11-10 00:00:00',4,607,22,308,8),(608,'2021-01-28 00:00:00',4,608,22,308,8),(609,'2021-05-10 00:00:00',4,609,22,308,8),(610,'2020-11-23 00:00:00',3,610,46,309,1),(611,'2021-02-28 00:00:00',3,611,46,309,1),(612,'2021-06-08 00:00:00',3,612,46,309,5),(613,'2020-06-30 00:00:00',8,613,3,310,8),(614,'2020-10-10 00:00:00',8,614,3,310,8),(615,'2021-01-04 00:00:00',8,615,3,310,8),(616,'2020-10-09 00:00:00',11,616,20,311,3),(617,'2020-07-22 00:00:00',10,617,35,312,5),(618,'2021-01-05 00:00:00',10,618,2,313,8),(619,'2020-06-03 00:00:00',10,619,40,314,6),(620,'2020-08-23 00:00:00',10,620,40,314,6),(621,'2020-12-08 00:00:00',10,621,40,314,6),(622,'2020-04-24 00:00:00',7,622,6,315,3),(623,'2020-08-17 00:00:00',7,623,6,315,3),(624,'2020-06-01 00:00:00',1,624,28,316,1),(625,'2020-09-22 00:00:00',1,625,28,316,1),(626,'2021-01-09 00:00:00',11,626,21,317,7),(627,'2020-05-23 00:00:00',7,627,42,318,2),(628,'2020-08-25 00:00:00',7,628,42,318,2),(629,'2020-12-05 00:00:00',7,629,42,318,6),(630,'2020-05-27 00:00:00',8,630,15,319,2),(631,'2020-11-05 00:00:00',11,631,31,320,1),(632,'2020-07-14 00:00:00',10,632,4,321,5),(633,'2020-04-24 00:00:00',9,633,22,322,2),(634,'2020-07-04 00:00:00',9,634,22,322,2);
/*!40000 ALTER TABLE `shot` ENABLE KEYS */;
UNLOCK TABLES;

--
-- Table structure for table `shotcertificate`
--

DROP TABLE IF EXISTS `shotcertificate`;
/*!40101 SET @saved_cs_client     = @@character_set_client */;
/*!50503 SET character_set_client = utf8mb4 */;
CREATE TABLE `shotcertificate` (
  `id` int NOT NULL AUTO_INCREMENT,
  `date` datetime DEFAULT NULL,
  `numserie` int DEFAULT NULL,
  PRIMARY KEY (`id`)
) ENGINE=InnoDB AUTO_INCREMENT=635 DEFAULT CHARSET=utf8mb4 COLLATE=utf8mb4_0900_ai_ci;
/*!40101 SET character_set_client = @saved_cs_client */;

--
-- Dumping data for table `shotcertificate`
--

LOCK TABLES `shotcertificate` WRITE;
/*!40000 ALTER TABLE `shotcertificate` DISABLE KEYS */;
INSERT INTO `shotcertificate` VALUES (1,'2020-06-25 00:00:00',912646),(2,'2021-01-03 00:00:00',278929),(3,'2021-04-25 00:00:00',222595),(4,'2021-07-31 00:00:00',583632),(5,'2020-06-30 00:00:00',148417),(6,'2020-09-20 00:00:00',402994),(7,'2020-11-20 00:00:00',546253),(8,'2020-07-18 00:00:00',725954),(9,'2020-09-18 00:00:00',374758),(10,'2020-06-13 00:00:00',584234),(11,'2020-08-31 00:00:00',202188),(12,'2020-11-14 00:00:00',369147),(13,'2020-12-19 00:00:00',657160),(14,'2021-02-28 00:00:00',819161),(15,'2021-05-09 00:00:00',998802),(16,'2020-06-04 00:00:00',569790),(17,'2020-08-08 00:00:00',384456),(18,'2020-12-29 00:00:00',494976),(19,'2021-03-12 00:00:00',88433),(20,'2021-05-12 00:00:00',979081),(21,'2020-10-05 00:00:00',851303),(22,'2020-12-22 00:00:00',882407),(23,'2020-07-28 00:00:00',83825),(24,'2020-06-02 00:00:00',458172),(25,'2020-09-27 00:00:00',821762),(26,'2020-12-15 00:00:00',267906),(27,'2020-06-13 00:00:00',26958),(28,'2020-09-23 00:00:00',163673),(29,'2020-10-18 00:00:00',95987),(30,'2021-01-29 00:00:00',363631),(31,'2021-05-22 00:00:00',701431),(32,'2020-05-21 00:00:00',261813),(33,'2020-07-20 00:00:00',423307),(34,'2020-09-25 00:00:00',869055),(35,'2020-08-10 00:00:00',991594),(36,'2020-11-04 00:00:00',180698),(37,'2021-01-03 00:00:00',457548),(38,'2020-09-13 00:00:00',574591),(39,'2020-04-28 00:00:00',734716),(40,'2020-08-25 00:00:00',842350),(41,'2020-08-22 00:00:00',834195),(42,'2020-10-23 00:00:00',195503),(43,'2021-01-24 00:00:00',786945),(44,'2020-07-02 00:00:00',629690),(45,'2020-08-05 00:00:00',864067),(46,'2020-09-22 00:00:00',203472),(47,'2020-12-23 00:00:00',829451),(48,'2020-07-29 00:00:00',938341),(49,'2020-10-10 00:00:00',784449),(50,'2020-07-18 00:00:00',283527),(51,'2020-12-27 00:00:00',778057),(52,'2021-04-21 00:00:00',39129),(53,'2020-12-02 00:00:00',986173),(54,'2021-03-04 00:00:00',685661),(55,'2021-05-30 00:00:00',527843),(56,'2020-12-06 00:00:00',634329),(57,'2020-06-20 00:00:00',143919),(58,'2020-09-27 00:00:00',663302),(59,'2020-06-06 00:00:00',163613),(60,'2020-08-13 00:00:00',929286),(61,'2020-04-21 00:00:00',717047),(62,'2020-07-30 00:00:00',394909),(63,'2020-09-16 00:00:00',697765),(64,'2020-09-07 00:00:00',260626),(65,'2020-11-08 00:00:00',859589),(66,'2020-10-18 00:00:00',270307),(67,'2021-01-23 00:00:00',859056),(68,'2021-05-07 00:00:00',323379),(69,'2020-07-15 00:00:00',380504),(70,'2020-10-18 00:00:00',190010),(71,'2020-12-27 00:00:00',448867),(72,'2020-05-07 00:00:00',821487),(73,'2020-12-06 00:00:00',29174),(74,'2021-02-13 00:00:00',573572),(75,'2020-09-19 00:00:00',306037),(76,'2020-11-25 00:00:00',929666),(77,'2020-04-29 00:00:00',46073),(78,'2020-11-07 00:00:00',102177),(79,'2021-01-09 00:00:00',976962),(80,'2020-08-31 00:00:00',299320),(81,'2020-09-19 00:00:00',614905),(82,'2020-12-16 00:00:00',830965),(83,'2020-04-05 00:00:00',774596),(84,'2020-07-26 00:00:00',467181),(85,'2020-10-02 00:00:00',579978),(86,'2020-06-12 00:00:00',198255),(87,'2020-09-28 00:00:00',28117),(88,'2020-12-22 00:00:00',432582),(89,'2020-06-09 00:00:00',551431),(90,'2020-07-24 00:00:00',631623),(91,'2020-04-14 00:00:00',974498),(92,'2020-08-27 00:00:00',857720),(93,'2020-12-11 00:00:00',310925),(94,'2021-03-31 00:00:00',904930),(95,'2020-04-04 00:00:00',923820),(96,'2020-06-26 00:00:00',815036),(97,'2020-10-03 00:00:00',251722),(98,'2020-07-16 00:00:00',135732),(99,'2020-07-07 00:00:00',42110),(100,'2020-10-07 00:00:00',256770),(101,'2020-12-07 00:00:00',439606),(102,'2020-12-28 00:00:00',329101),(103,'2021-04-18 00:00:00',338670),(104,'2021-08-13 00:00:00',414007),(105,'2020-06-26 00:00:00',764892),(106,'2020-09-10 00:00:00',671769),(107,'2020-12-03 00:00:00',219229),(108,'2020-05-23 00:00:00',146008),(109,'2020-08-28 00:00:00',570814),(110,'2020-04-13 00:00:00',359550),(111,'2020-11-14 00:00:00',271959),(112,'2020-08-30 00:00:00',855300),(113,'2020-12-28 00:00:00',89846),(114,'2021-04-09 00:00:00',601407),(115,'2020-09-11 00:00:00',790283),(116,'2021-01-06 00:00:00',960058),(117,'2021-03-08 00:00:00',997095),(118,'2020-12-31 00:00:00',585096),(119,'2020-05-18 00:00:00',904580),(120,'2020-08-28 00:00:00',72446),(121,'2020-10-07 00:00:00',398650),(122,'2020-12-10 00:00:00',612189),(123,'2020-08-31 00:00:00',94297),(124,'2021-01-09 00:00:00',970135),(125,'2021-03-28 00:00:00',612826),(126,'2021-07-13 00:00:00',314358),(127,'2020-04-08 00:00:00',282653),(128,'2020-07-17 00:00:00',167909),(129,'2020-09-23 00:00:00',173548),(130,'2020-11-09 00:00:00',848179),(131,'2021-01-28 00:00:00',678025),(132,'2020-07-17 00:00:00',397235),(133,'2020-10-19 00:00:00',587627),(134,'2020-04-16 00:00:00',232306),(135,'2020-08-08 00:00:00',19274),(136,'2020-07-25 00:00:00',583936),(137,'2020-10-29 00:00:00',511504),(138,'2021-02-06 00:00:00',538700),(139,'2020-06-22 00:00:00',906674),(140,'2020-10-04 00:00:00',977550),(141,'2021-01-04 00:00:00',178031),(142,'2020-10-05 00:00:00',478743),(143,'2021-01-09 00:00:00',455802),(144,'2021-01-04 00:00:00',930693),(145,'2021-04-08 00:00:00',100210),(146,'2021-07-29 00:00:00',35351),(147,'2020-07-20 00:00:00',598605),(148,'2020-10-07 00:00:00',452743),(149,'2020-10-16 00:00:00',306287),(150,'2021-01-26 00:00:00',183885),(151,'2021-03-28 00:00:00',974089),(152,'2020-08-09 00:00:00',69340),(153,'2020-11-03 00:00:00',619430),(154,'2020-12-16 00:00:00',417433),(155,'2020-12-27 00:00:00',500436),(156,'2021-03-19 00:00:00',707737),(157,'2020-07-07 00:00:00',785238),(158,'2020-12-09 00:00:00',746185),(159,'2021-03-25 00:00:00',401050),(160,'2020-06-20 00:00:00',297704),(161,'2020-12-02 00:00:00',571623),(162,'2020-06-17 00:00:00',75965),(163,'2020-11-10 00:00:00',668937),(164,'2021-02-09 00:00:00',528695),(165,'2021-04-16 00:00:00',318152),(166,'2020-06-10 00:00:00',387564),(167,'2020-09-11 00:00:00',696986),(168,'2021-01-05 00:00:00',736220),(169,'2020-05-12 00:00:00',795713),(170,'2020-07-12 00:00:00',936415),(171,'2020-05-10 00:00:00',76135),(172,'2020-06-02 00:00:00',203821),(173,'2020-09-11 00:00:00',652420),(174,'2020-07-15 00:00:00',771197),(175,'2020-11-05 00:00:00',369071),(176,'2021-02-11 00:00:00',261776),(177,'2020-12-19 00:00:00',167948),(178,'2021-03-16 00:00:00',230343),(179,'2021-06-30 00:00:00',4028),(180,'2020-10-02 00:00:00',439667),(181,'2020-12-08 00:00:00',516041),(182,'2020-08-24 00:00:00',717031),(183,'2020-10-24 00:00:00',301399),(184,'2020-12-28 00:00:00',587123),(185,'2021-04-14 00:00:00',243727),(186,'2021-07-11 00:00:00',976063),(187,'2021-01-10 00:00:00',45319),(188,'2021-04-08 00:00:00',315573),(189,'2021-06-16 00:00:00',215781),(190,'2020-08-13 00:00:00',300158),(191,'2020-10-13 00:00:00',943002),(192,'2020-12-25 00:00:00',333524),(193,'2020-10-30 00:00:00',844321),(194,'2021-01-23 00:00:00',578531),(195,'2020-08-22 00:00:00',776573),(196,'2020-11-24 00:00:00',248918),(197,'2021-03-04 00:00:00',25917),(198,'2020-04-05 00:00:00',867232),(199,'2020-07-10 00:00:00',45253),(200,'2020-09-26 00:00:00',194268),(201,'2020-11-01 00:00:00',842378),(202,'2020-05-07 00:00:00',208574),(203,'2020-08-04 00:00:00',420210),(204,'2020-11-13 00:00:00',193829),(205,'2020-04-12 00:00:00',746487),(206,'2020-07-28 00:00:00',756065),(207,'2020-10-08 00:00:00',390038),(208,'2020-06-22 00:00:00',536731),(209,'2020-08-26 00:00:00',650131),(210,'2020-10-31 00:00:00',871641),(211,'2020-12-31 00:00:00',61722),(212,'2020-10-31 00:00:00',546004),(213,'2021-02-12 00:00:00',59935),(214,'2021-04-14 00:00:00',753566),(215,'2020-05-10 00:00:00',200137),(216,'2020-07-15 00:00:00',40637),(217,'2020-11-04 00:00:00',164203),(218,'2020-12-07 00:00:00',326229),(219,'2021-02-18 00:00:00',238545),(220,'2021-05-08 00:00:00',476311),(221,'2020-05-02 00:00:00',565056),(222,'2020-07-12 00:00:00',577184),(223,'2020-11-23 00:00:00',173181),(224,'2021-03-20 00:00:00',220148),(225,'2021-07-04 00:00:00',170935),(226,'2020-07-04 00:00:00',262116),(227,'2020-04-15 00:00:00',966979),(228,'2020-07-07 00:00:00',665807),(229,'2020-09-07 00:00:00',617169),(230,'2020-12-29 00:00:00',914996),(231,'2020-05-28 00:00:00',330630),(232,'2020-09-04 00:00:00',927484),(233,'2020-12-11 00:00:00',466117),(234,'2021-04-07 00:00:00',398604),(235,'2020-09-07 00:00:00',523560),(236,'2020-09-20 00:00:00',664853),(237,'2020-12-17 00:00:00',353396),(238,'2020-07-17 00:00:00',809615),(239,'2020-10-20 00:00:00',123145),(240,'2020-08-31 00:00:00',185694),(241,'2020-11-08 00:00:00',193048),(242,'2020-06-28 00:00:00',412880),(243,'2020-09-14 00:00:00',547290),(244,'2020-11-01 00:00:00',348960),(245,'2020-11-12 00:00:00',531975),(246,'2021-02-20 00:00:00',421059),(247,'2021-05-25 00:00:00',483784),(248,'2020-06-07 00:00:00',948239),(249,'2020-08-25 00:00:00',152828),(250,'2020-12-05 00:00:00',858681),(251,'2020-12-27 00:00:00',279145),(252,'2020-10-31 00:00:00',194038),(253,'2020-09-06 00:00:00',64504),(254,'2020-08-19 00:00:00',453750),(255,'2020-12-17 00:00:00',770416),(256,'2020-04-22 00:00:00',633070),(257,'2020-07-28 00:00:00',90775),(258,'2020-10-13 00:00:00',485414),(259,'2020-10-21 00:00:00',5250),(260,'2021-01-13 00:00:00',343691),(261,'2021-01-07 00:00:00',370019),(262,'2021-03-26 00:00:00',782786),(263,'2021-06-30 00:00:00',788765),(264,'2020-06-20 00:00:00',528818),(265,'2020-08-30 00:00:00',212900),(266,'2020-10-31 00:00:00',617872),(267,'2020-07-07 00:00:00',20139),(268,'2020-10-17 00:00:00',691232),(269,'2020-12-06 00:00:00',929822),(270,'2020-05-24 00:00:00',64654),(271,'2020-09-12 00:00:00',337478),(272,'2020-09-30 00:00:00',420780),(273,'2020-12-22 00:00:00',436308),(274,'2020-07-05 00:00:00',506729),(275,'2020-10-14 00:00:00',676496),(276,'2020-08-09 00:00:00',449059),(277,'2020-10-27 00:00:00',671958),(278,'2021-02-01 00:00:00',367529),(279,'2020-07-29 00:00:00',966648),(280,'2020-11-10 00:00:00',34349),(281,'2021-01-13 00:00:00',127477),(282,'2020-09-01 00:00:00',809942),(283,'2020-12-19 00:00:00',337799),(284,'2021-04-11 00:00:00',928041),(285,'2020-10-19 00:00:00',64249),(286,'2020-12-20 00:00:00',106334),(287,'2021-03-08 00:00:00',891173),(288,'2020-10-01 00:00:00',143544),(289,'2021-01-18 00:00:00',332274),(290,'2021-04-14 00:00:00',615242),(291,'2020-10-03 00:00:00',300246),(292,'2021-01-17 00:00:00',499610),(293,'2021-04-13 00:00:00',44786),(294,'2020-07-31 00:00:00',817688),(295,'2020-11-08 00:00:00',250371),(296,'2020-06-01 00:00:00',442293),(297,'2020-08-01 00:00:00',751659),(298,'2020-11-12 00:00:00',663845),(299,'2020-05-29 00:00:00',412),(300,'2020-08-18 00:00:00',963154),(301,'2020-10-31 00:00:00',168803),(302,'2021-02-23 00:00:00',559933),(303,'2021-06-19 00:00:00',155248),(304,'2020-09-28 00:00:00',526135),(305,'2020-05-05 00:00:00',966942),(306,'2020-08-30 00:00:00',685565),(307,'2020-12-24 00:00:00',74988),(308,'2020-06-30 00:00:00',791431),(309,'2020-10-26 00:00:00',600817),(310,'2020-12-31 00:00:00',973357),(311,'2020-05-15 00:00:00',214842),(312,'2020-11-03 00:00:00',581982),(313,'2020-07-22 00:00:00',668538),(314,'2020-11-02 00:00:00',5464),(315,'2020-04-26 00:00:00',89068),(316,'2020-07-11 00:00:00',976607),(317,'2020-04-15 00:00:00',830952),(318,'2020-08-09 00:00:00',285817),(319,'2020-06-03 00:00:00',483027),(320,'2020-08-24 00:00:00',633613),(321,'2020-11-16 00:00:00',892088),(322,'2020-11-19 00:00:00',832200),(323,'2020-06-25 00:00:00',999333),(324,'2020-09-10 00:00:00',449611),(325,'2020-06-07 00:00:00',244352),(326,'2020-09-13 00:00:00',798862),(327,'2020-12-16 00:00:00',17204),(328,'2020-11-11 00:00:00',440551),(329,'2021-03-06 00:00:00',515888),(330,'2021-06-02 00:00:00',888252),(331,'2020-09-20 00:00:00',668589),(332,'2020-10-07 00:00:00',295445),(333,'2020-05-23 00:00:00',922589),(334,'2020-09-18 00:00:00',639570),(335,'2020-10-07 00:00:00',490265),(336,'2020-12-28 00:00:00',397967),(337,'2020-12-31 00:00:00',523507),(338,'2021-03-02 00:00:00',292134),(339,'2020-12-08 00:00:00',998024),(340,'2021-03-30 00:00:00',237109),(341,'2020-08-22 00:00:00',305974),(342,'2020-11-30 00:00:00',813209),(343,'2021-02-15 00:00:00',547258),(344,'2020-11-25 00:00:00',35290),(345,'2021-03-16 00:00:00',785511),(346,'2021-05-21 00:00:00',852793),(347,'2020-06-06 00:00:00',493618),(348,'2020-09-11 00:00:00',110798),(349,'2020-12-24 00:00:00',595668),(350,'2020-10-08 00:00:00',841903),(351,'2020-12-18 00:00:00',848140),(352,'2020-10-20 00:00:00',961159),(353,'2021-01-20 00:00:00',364197),(354,'2020-06-30 00:00:00',186342),(355,'2021-01-07 00:00:00',333099),(356,'2021-04-13 00:00:00',305029),(357,'2021-07-27 00:00:00',24519),(358,'2020-06-28 00:00:00',524451),(359,'2020-09-28 00:00:00',988038),(360,'2021-01-16 00:00:00',352389),(361,'2020-05-31 00:00:00',595242),(362,'2020-04-16 00:00:00',315252),(363,'2020-07-30 00:00:00',249853),(364,'2020-10-06 00:00:00',386354),(365,'2020-07-08 00:00:00',375499),(366,'2020-09-11 00:00:00',602459),(367,'2020-11-18 00:00:00',736414),(368,'2020-12-27 00:00:00',334587),(369,'2021-04-25 00:00:00',450181),(370,'2020-05-02 00:00:00',660207),(371,'2020-04-16 00:00:00',800204),(372,'2020-06-21 00:00:00',384305),(373,'2020-09-25 00:00:00',376692),(374,'2020-09-12 00:00:00',367939),(375,'2020-11-17 00:00:00',286548),(376,'2021-02-04 00:00:00',852100),(377,'2020-04-28 00:00:00',933606),(378,'2020-08-15 00:00:00',584741),(379,'2020-12-28 00:00:00',830450),(380,'2021-03-24 00:00:00',458249),(381,'2020-05-27 00:00:00',851691),(382,'2020-09-15 00:00:00',497530),(383,'2020-06-14 00:00:00',456740),(384,'2020-08-14 00:00:00',874935),(385,'2020-10-29 00:00:00',519005),(386,'2020-05-10 00:00:00',902830),(387,'2020-08-10 00:00:00',210082),(388,'2020-10-15 00:00:00',918782),(389,'2020-07-02 00:00:00',754349),(390,'2020-10-09 00:00:00',648500),(391,'2020-07-13 00:00:00',34646),(392,'2020-10-07 00:00:00',40301),(393,'2021-01-16 00:00:00',877138),(394,'2020-12-25 00:00:00',9595),(395,'2021-02-24 00:00:00',147578),(396,'2020-06-20 00:00:00',826349),(397,'2020-11-11 00:00:00',466766),(398,'2021-02-23 00:00:00',601682),(399,'2020-05-22 00:00:00',706133),(400,'2020-08-01 00:00:00',76449),(401,'2020-04-18 00:00:00',400872),(402,'2020-08-15 00:00:00',545258),(403,'2020-05-14 00:00:00',655191),(404,'2020-08-04 00:00:00',639713),(405,'2020-10-10 00:00:00',989427),(406,'2020-07-26 00:00:00',986507),(407,'2020-09-30 00:00:00',260095),(408,'2020-06-14 00:00:00',606457),(409,'2020-09-09 00:00:00',280351),(410,'2020-07-08 00:00:00',752539),(411,'2020-11-13 00:00:00',979123),(412,'2020-09-09 00:00:00',636957),(413,'2020-11-26 00:00:00',902408),(414,'2020-11-08 00:00:00',873281),(415,'2021-02-10 00:00:00',10594),(416,'2020-12-30 00:00:00',179605),(417,'2020-05-18 00:00:00',132447),(418,'2020-05-13 00:00:00',937609),(419,'2020-07-24 00:00:00',61503),(420,'2020-10-05 00:00:00',81659),(421,'2020-09-14 00:00:00',226531),(422,'2020-08-24 00:00:00',767867),(423,'2020-12-07 00:00:00',627767),(424,'2021-03-21 00:00:00',628012),(425,'2020-06-10 00:00:00',438363),(426,'2020-09-21 00:00:00',694786),(427,'2020-09-09 00:00:00',350563),(428,'2020-12-23 00:00:00',356904),(429,'2020-09-13 00:00:00',563393),(430,'2020-12-28 00:00:00',793929),(431,'2021-03-07 00:00:00',818888),(432,'2020-04-29 00:00:00',96190),(433,'2020-08-29 00:00:00',293314),(434,'2020-11-21 00:00:00',805116),(435,'2020-09-24 00:00:00',525440),(436,'2020-12-09 00:00:00',539789),(437,'2020-05-14 00:00:00',143181),(438,'2020-10-13 00:00:00',97900),(439,'2021-01-25 00:00:00',550996),(440,'2020-09-13 00:00:00',341157),(441,'2020-11-13 00:00:00',222187),(442,'2021-03-13 00:00:00',969010),(443,'2020-11-14 00:00:00',951981),(444,'2020-11-03 00:00:00',139068),(445,'2021-01-22 00:00:00',659151),(446,'2021-04-18 00:00:00',761804),(447,'2020-08-01 00:00:00',756487),(448,'2020-10-22 00:00:00',150786),(449,'2020-05-03 00:00:00',65085),(450,'2020-08-31 00:00:00',783063),(451,'2020-06-18 00:00:00',935982),(452,'2020-09-20 00:00:00',968603),(453,'2021-01-16 00:00:00',17716),(454,'2021-05-16 00:00:00',759138),(455,'2021-01-05 00:00:00',713096),(456,'2020-09-15 00:00:00',978024),(457,'2020-12-14 00:00:00',186666),(458,'2021-02-24 00:00:00',621254),(459,'2020-06-08 00:00:00',90255),(460,'2020-09-21 00:00:00',379283),(461,'2020-12-25 00:00:00',383004),(462,'2020-09-03 00:00:00',738908),(463,'2020-12-26 00:00:00',539653),(464,'2020-08-20 00:00:00',138664),(465,'2020-12-03 00:00:00',513172),(466,'2020-06-16 00:00:00',330638),(467,'2020-08-16 00:00:00',381923),(468,'2020-11-09 00:00:00',322042),(469,'2021-01-23 00:00:00',144847),(470,'2020-08-30 00:00:00',673030),(471,'2020-08-18 00:00:00',499032),(472,'2020-12-06 00:00:00',170288),(473,'2020-11-20 00:00:00',151074),(474,'2021-02-23 00:00:00',901725),(475,'2021-06-15 00:00:00',676381),(476,'2020-11-27 00:00:00',964665),(477,'2021-03-25 00:00:00',689047),(478,'2020-07-15 00:00:00',652221),(479,'2020-10-24 00:00:00',49698),(480,'2020-10-06 00:00:00',200083),(481,'2020-07-25 00:00:00',591212),(482,'2020-10-22 00:00:00',523683),(483,'2021-02-03 00:00:00',844278),(484,'2021-04-27 00:00:00',835013),(485,'2020-06-15 00:00:00',98879),(486,'2020-08-20 00:00:00',365542),(487,'2020-09-22 00:00:00',837249),(488,'2020-11-24 00:00:00',419152),(489,'2021-02-07 00:00:00',752366),(490,'2020-07-09 00:00:00',684509),(491,'2020-04-17 00:00:00',747976),(492,'2020-07-08 00:00:00',713336),(493,'2020-10-02 00:00:00',166694),(494,'2020-07-10 00:00:00',48760),(495,'2020-10-04 00:00:00',67381),(496,'2020-04-12 00:00:00',10989),(497,'2020-08-28 00:00:00',368144),(498,'2020-09-17 00:00:00',226363),(499,'2020-12-03 00:00:00',673859),(500,'2020-09-22 00:00:00',746324),(501,'2020-12-26 00:00:00',344570),(502,'2021-03-21 00:00:00',936669),(503,'2020-08-28 00:00:00',951651),(504,'2020-12-14 00:00:00',131772),(505,'2021-02-15 00:00:00',471092),(506,'2020-07-26 00:00:00',516177),(507,'2020-11-09 00:00:00',26919),(508,'2020-09-18 00:00:00',505560),(509,'2020-12-27 00:00:00',512872),(510,'2021-04-02 00:00:00',504544),(511,'2020-04-29 00:00:00',167476),(512,'2021-01-08 00:00:00',790131),(513,'2021-05-02 00:00:00',977952),(514,'2021-08-10 00:00:00',141728),(515,'2020-10-29 00:00:00',354001),(516,'2020-12-10 00:00:00',963018),(517,'2021-03-30 00:00:00',695668),(518,'2021-07-01 00:00:00',33862),(519,'2020-08-13 00:00:00',523746),(520,'2020-08-05 00:00:00',724057),(521,'2020-11-23 00:00:00',629955),(522,'2020-10-06 00:00:00',793312),(523,'2020-12-23 00:00:00',12154),(524,'2021-03-30 00:00:00',606283),(525,'2020-04-08 00:00:00',101881),(526,'2020-06-28 00:00:00',287471),(527,'2020-10-03 00:00:00',273485),(528,'2020-09-28 00:00:00',622578),(529,'2020-04-18 00:00:00',792057),(530,'2020-04-03 00:00:00',241188),(531,'2020-10-05 00:00:00',48439),(532,'2020-12-16 00:00:00',166120),(533,'2020-05-27 00:00:00',121091),(534,'2020-09-11 00:00:00',329345),(535,'2021-01-08 00:00:00',764938),(536,'2020-08-28 00:00:00',289901),(537,'2020-07-17 00:00:00',865041),(538,'2020-10-08 00:00:00',568934),(539,'2021-02-05 00:00:00',107655),(540,'2021-04-30 00:00:00',679080),(541,'2020-12-10 00:00:00',152900),(542,'2021-03-22 00:00:00',774090),(543,'2021-07-07 00:00:00',372516),(544,'2020-11-17 00:00:00',599637),(545,'2021-02-19 00:00:00',314366),(546,'2020-06-19 00:00:00',72893),(547,'2020-10-05 00:00:00',434350),(548,'2020-05-06 00:00:00',857779),(549,'2020-07-13 00:00:00',398759),(550,'2020-09-27 00:00:00',1353),(551,'2020-06-24 00:00:00',898984),(552,'2020-07-17 00:00:00',336797),(553,'2020-10-13 00:00:00',569693),(554,'2020-06-26 00:00:00',487834),(555,'2020-09-11 00:00:00',285541),(556,'2020-09-29 00:00:00',991506),(557,'2020-07-19 00:00:00',995158),(558,'2020-10-06 00:00:00',120291),(559,'2021-01-15 00:00:00',890313),(560,'2020-08-29 00:00:00',275186),(561,'2020-11-21 00:00:00',298978),(562,'2021-02-24 00:00:00',449021),(563,'2020-08-04 00:00:00',320548),(564,'2020-10-10 00:00:00',849833),(565,'2021-01-31 00:00:00',117102),(566,'2020-12-14 00:00:00',719264),(567,'2021-04-04 00:00:00',554597),(568,'2020-07-22 00:00:00',87878),(569,'2020-10-29 00:00:00',811044),(570,'2020-04-12 00:00:00',350812),(571,'2020-07-29 00:00:00',784344),(572,'2020-10-06 00:00:00',311859),(573,'2020-04-11 00:00:00',930756),(574,'2020-07-01 00:00:00',685894),(575,'2020-10-26 00:00:00',226440),(576,'2020-10-11 00:00:00',938408),(577,'2020-06-22 00:00:00',590547),(578,'2020-09-12 00:00:00',11970),(579,'2020-06-22 00:00:00',550832),(580,'2020-05-24 00:00:00',693767),(581,'2020-12-23 00:00:00',524199),(582,'2021-03-18 00:00:00',632652),(583,'2021-06-15 00:00:00',568217),(584,'2020-06-13 00:00:00',850353),(585,'2020-09-25 00:00:00',219214),(586,'2021-01-07 00:00:00',807824),(587,'2021-01-08 00:00:00',342447),(588,'2021-04-20 00:00:00',997338),(589,'2020-05-24 00:00:00',195147),(590,'2020-07-28 00:00:00',713145),(591,'2020-08-28 00:00:00',949625),(592,'2020-05-31 00:00:00',202939),(593,'2020-05-31 00:00:00',187303),(594,'2020-08-12 00:00:00',179455),(595,'2020-11-16 00:00:00',692498),(596,'2020-08-01 00:00:00',552080),(597,'2020-11-19 00:00:00',724596),(598,'2021-02-03 00:00:00',864227),(599,'2020-05-22 00:00:00',696925),(600,'2020-06-06 00:00:00',950353),(601,'2020-09-02 00:00:00',349149),(602,'2020-06-09 00:00:00',680035),(603,'2020-08-19 00:00:00',466658),(604,'2020-04-03 00:00:00',773625),(605,'2020-06-25 00:00:00',515269),(606,'2020-09-14 00:00:00',759122),(607,'2020-11-10 00:00:00',153266),(608,'2021-01-28 00:00:00',412405),(609,'2021-05-10 00:00:00',26726),(610,'2020-11-23 00:00:00',968514),(611,'2021-02-28 00:00:00',9996),(612,'2021-06-08 00:00:00',11063),(613,'2020-06-30 00:00:00',723765),(614,'2020-10-10 00:00:00',6698),(615,'2021-01-04 00:00:00',741528),(616,'2020-10-09 00:00:00',734181),(617,'2020-07-22 00:00:00',15129),(618,'2021-01-05 00:00:00',410773),(619,'2020-06-03 00:00:00',235963),(620,'2020-08-23 00:00:00',705851),(621,'2020-12-08 00:00:00',765343),(622,'2020-04-24 00:00:00',382046),(623,'2020-08-17 00:00:00',471072),(624,'2020-06-01 00:00:00',362385),(625,'2020-09-22 00:00:00',993872),(626,'2021-01-09 00:00:00',198423),(627,'2020-05-23 00:00:00',223753),(628,'2020-08-25 00:00:00',334974),(629,'2020-12-05 00:00:00',820223),(630,'2020-05-27 00:00:00',123536),(631,'2020-11-05 00:00:00',579788),(632,'2020-07-14 00:00:00',135970),(633,'2020-04-24 00:00:00',97926),(634,'2020-07-04 00:00:00',145399);
/*!40000 ALTER TABLE `shotcertificate` ENABLE KEYS */;
UNLOCK TABLES;

--
-- Table structure for table `vaccinationschedule`
--

DROP TABLE IF EXISTS `vaccinationschedule`;
/*!40101 SET @saved_cs_client     = @@character_set_client */;
/*!50503 SET character_set_client = utf8mb4 */;
CREATE TABLE `vaccinationschedule` (
  `id` int NOT NULL AUTO_INCREMENT,
  PRIMARY KEY (`id`)
) ENGINE=InnoDB AUTO_INCREMENT=21 DEFAULT CHARSET=utf8mb4 COLLATE=utf8mb4_0900_ai_ci;
/*!40101 SET character_set_client = @saved_cs_client */;

--
-- Dumping data for table `vaccinationschedule`
--

LOCK TABLES `vaccinationschedule` WRITE;
/*!40000 ALTER TABLE `vaccinationschedule` DISABLE KEYS */;
INSERT INTO `vaccinationschedule` VALUES (1),(2),(3),(4),(5),(6),(7),(8),(9),(10),(11),(12),(13),(14),(15),(16),(17),(18),(19),(20);
/*!40000 ALTER TABLE `vaccinationschedule` ENABLE KEYS */;
UNLOCK TABLES;

--
-- Table structure for table `vaccinationschedule_vaccine`
--

DROP TABLE IF EXISTS `vaccinationschedule_vaccine`;
/*!40101 SET @saved_cs_client     = @@character_set_client */;
/*!50503 SET character_set_client = utf8mb4 */;
CREATE TABLE `vaccinationschedule_vaccine` (
  `vaccinationschedule_id` int NOT NULL,
  `vaccine_id` int NOT NULL,
  KEY `FKm22djgakjinqokxj6vexi910p` (`vaccine_id`),
  KEY `FKidf902l5kw2i3lqg53nntu3wv` (`vaccinationschedule_id`),
  CONSTRAINT `FKidf902l5kw2i3lqg53nntu3wv` FOREIGN KEY (`vaccinationschedule_id`) REFERENCES `vaccinationschedule` (`id`),
  CONSTRAINT `FKm22djgakjinqokxj6vexi910p` FOREIGN KEY (`vaccine_id`) REFERENCES `vaccine` (`id`)
) ENGINE=InnoDB DEFAULT CHARSET=utf8mb4 COLLATE=utf8mb4_0900_ai_ci;
/*!40101 SET character_set_client = @saved_cs_client */;

--
-- Dumping data for table `vaccinationschedule_vaccine`
--

LOCK TABLES `vaccinationschedule_vaccine` WRITE;
/*!40000 ALTER TABLE `vaccinationschedule_vaccine` DISABLE KEYS */;
INSERT INTO `vaccinationschedule_vaccine` VALUES (1,5),(1,5),(1,5),(2,7),(2,7),(2,5),(3,1),(3,1),(3,4),(4,3),(4,3),(4,6),(5,7),(5,7),(5,5),(6,7),(6,7),(6,2),(7,6),(7,6),(7,6),(8,8),(8,8),(8,8),(9,2),(9,2),(9,6),(10,8),(10,8),(10,8),(11,1),(11,1),(11,5),(12,3),(12,3),(12,1),(13,7),(13,7),(13,6),(14,2),(14,2),(14,6),(15,5),(15,5),(15,1),(16,8),(16,8),(16,7),(17,3),(17,3),(17,8),(18,2),(18,2),(18,4),(19,6),(19,6),(19,3),(20,3),(20,3),(20,7);
/*!40000 ALTER TABLE `vaccinationschedule_vaccine` ENABLE KEYS */;
UNLOCK TABLES;

--
-- Table structure for table `vaccine`
--

DROP TABLE IF EXISTS `vaccine`;
/*!40101 SET @saved_cs_client     = @@character_set_client */;
/*!50503 SET character_set_client = utf8mb4 */;
CREATE TABLE `vaccine` (
  `id` int NOT NULL AUTO_INCREMENT,
  `lab` varchar(255) DEFAULT NULL,
  `name` varchar(255) NOT NULL,
  PRIMARY KEY (`id`),
  UNIQUE KEY `UK_i7tje2xf0ksd3mdasoxq6qkfb` (`name`)
) ENGINE=InnoDB AUTO_INCREMENT=9 DEFAULT CHARSET=utf8mb4 COLLATE=utf8mb4_0900_ai_ci;
/*!40101 SET character_set_client = @saved_cs_client */;

--
-- Dumping data for table `vaccine`
--

LOCK TABLES `vaccine` WRITE;
/*!40000 ALTER TABLE `vaccine` DISABLE KEYS */;
INSERT INTO `vaccine` VALUES (1,NULL,'Pfizer'),(2,NULL,'Moderna'),(3,NULL,'Sinopharm'),(4,NULL,'Bharat'),(5,NULL,'Janssen'),(6,NULL,'Sinopharm 2'),(7,NULL,'Sinovac'),(8,NULL,'AztraZeneca');
/*!40000 ALTER TABLE `vaccine` ENABLE KEYS */;
UNLOCK TABLES;
/*!40103 SET TIME_ZONE=@OLD_TIME_ZONE */;

/*!40101 SET SQL_MODE=@OLD_SQL_MODE */;
/*!40014 SET FOREIGN_KEY_CHECKS=@OLD_FOREIGN_KEY_CHECKS */;
/*!40014 SET UNIQUE_CHECKS=@OLD_UNIQUE_CHECKS */;
/*!40101 SET CHARACTER_SET_CLIENT=@OLD_CHARACTER_SET_CLIENT */;
/*!40101 SET CHARACTER_SET_RESULTS=@OLD_CHARACTER_SET_RESULTS */;
/*!40101 SET COLLATION_CONNECTION=@OLD_COLLATION_CONNECTION */;
/*!40111 SET SQL_NOTES=@OLD_SQL_NOTES */;

-- Dump completed on 2022-05-22 21:25:43
